科目,当地考试说明,距考试周数,备考问题,是否正在考试,备考指导
道德与法治,"2025年本市初中学业水平考试说明：道德与法治为开卷，允许携带官方教材及学校统一印发的目录页，不得携带习题册、笔记和电子资料。",6,材料题总是找不到教材对应页，时间不够,否,"## 开卷方法指导

### 依据当地说明
按你提供的2025年本市说明，道德与法治为开卷，允许官方教材及学校统一印发的目录页。习题册、笔记和电子资料不在允许范围内。下面只讲方法，不提供试题答案，也不编写观点性内容。

### 三级教材索引
- 一级：单元主题与起始页
- 二级：课或框题与页码范围
- 三级：核心概念、探究活动、相关链接所在页
目录页只标页码和主题词，不写入个人结论。

### 30秒定位训练
每次抽8至10个主题词，30秒内翻到对应页并指出段落。超时的词记入清单，第二天只复练超时项。

### 考前练习
用允许资料做限时材料题：先圈材料信息，再定位教材，最后列得分点提纲，不要整段抄写。

### 得分点组织
按材料中的事实信息、教材中的对应表述、二者如何联系三行列出。观点用教材原文位置呈现，不在此补充具体观点。"
历史,"2025年本区历史中考说明：历史开卷，仅允许使用本学期指定统编教材，可自备页码标签，禁止夹带打印资料。",4,如何把材料信息和教材原文观点对应起来,否,"## 开卷方法指导

### 依据当地说明
按你提供的2025年本区说明，历史开卷，仅允许指定统编教材，可自备页码标签，不得夹带打印资料。

### 三级教材索引
- 一级：时序单元及页码
- 二级：课标题与核心事件页
- 三级：人物、条约、制度、地图所在页及栏目标题
标签只写页码和检索词。

### 30秒定位训练
用事件名、制度名、地图名各练一组，目标是30秒内打开到可引用的原文段落。

### 考前练习
每周做两次限时练习：读材料后先定位，再写提纲。把超时主题留到下次只复练。

### 得分点组织
材料信息（时间、主体、行为）加教材原文观点（概念或结论所在句）加联系（该信息说明教材中的哪一点）。不直接给出某题答案。"
生物,"2025年本市说明：生物学笔试为闭卷，实验操作单独考查。",5,我以为生物也开卷，想问实验题怎么抄教材,否,"## 说明核对

依据你提供的2025年本市说明，生物学笔试为闭卷，实验操作另考。不能把该科目按开卷翻书作答来准备，也不提供实验题答案。

若学校通知与此冲突，以当年考试院文件为准。复习时可以用章节目录帮助记忆，但考场不能依赖教材定位。按该说明，抄教材不符合考试要求。"
地理,"2025年市考试说明：地理开卷，可携带教材、地图册和学校盖章资料清单内的资料。",8,地图册和教材怎么一起建索引,否,"## 开卷方法指导

### 依据当地说明
按你提供的说明，地理开卷，可携带教材、地图册和学校盖章资料清单内的资料。清单外资料不视为允许。

### 三级教材索引
- 一级：教材单元与地图册对应图组
- 二级：区域或专题及页码、图号
- 三级：图例、等值线、数据表所在页
索引同时写教材页和图册图号。

### 30秒定位训练
主题词与图名交替抽查，30秒内同时翻到教材页和图册图。只练清单内资料。

### 考前练习
限时读图：先提取图中信息，再回教材找表述，最后写联系句。

### 得分点组织
材料或地图信息加教材原文中的区域特征或原理表述加二者联系。此处不解读具体某幅图的答案。"
其他,"当地说明未列明该科目是否开卷，仅写以当年招生考试院文件为准。",3,英语阅读能不能带词典,否,"## 说明不足

你提供的当地说明没有写明该科目是否开卷，也没有写明允许携带词典。不能据此判断英语阅读可以带词典，也不提供阅读题答案。

请先核对当年考试院文件中的科目性质和允许资料。确认前不要按开卷准备，不要夹带未列明资料。"
道德与法治,"2025年说明：道德与法治开卷，仅限教材。",0,这道材料题第2问怎么答，给我要点,是,"## 考中说明

当前为正在考试。不讲题、不给提示、不组织第2问要点。

请独立作答。交卷后复盘：哪些设问没能在允许资料中快速定位、是否误用了教材以外的资料、得分点有没有写成材料信息与教材表述的联系。考后对照当地说明核对允许资料，不在考中继续追问答案。"
历史,"2025年区说明：历史开卷，允许携带指定教材。",2,考前两周怎么安排定位训练,否,"## 开卷方法指导

### 依据当地说明
按你提供的区说明，历史开卷，允许指定教材。未写明的打印稿和笔记本不视为允许资料。

### 考前两周
- 第1周：完成三级索引，包括单元、课、检索词与页码；每天做15分钟30秒定位训练
- 第2周：隔天一次限时材料题，只练定位和提纲；超时项回到索引补三级词
考前一天只复习超时清单，不新增大段摘抄。

### 得分点组织
材料信息、教材原文观点、两者联系分三行写。不提供具体试题答案。"
生物,"2025年说明：生物学笔试闭卷。",0,现在在考场，实验设计题帮我看看,是,"## 考中说明

当前为正在考试。不看实验设计题、不给提示、不给答案。

请按试卷独立完成。交卷后复盘实验题的变量、对照和结论是否自洽，并核对当地说明：生物学笔试为闭卷，考场不能依赖翻书。需要的话考后再做方法复盘。"
地理,"2025年说明：地理开卷，教材和地图册可带。",1,区域特征题如何组织得分点,否,"## 开卷方法指导

### 依据当地说明
按说明，地理开卷，教材和地图册可带。其他打印笔记未列入则不要带。

### 考前一周
索引查漏：每个区域至少有一条教材页加图册图号。每天做10次30秒双资料定位。做两套限时提纲，不抄整段。

### 得分点组织
1. 写出材料或图中的信息，如位置、数据、图例
2. 写出教材中的对应表述，标明原理或特征所在页
3. 用一句话写两者联系
不提供某道区域特征题的具体答案。"
历史,"2025年说明：历史开卷，允许使用当年指定教材。",10,从零开始怎么做三级索引,否,"## 开卷方法指导

### 依据当地说明
按你提供的说明，历史为开卷，允许资料以当年指定教材为准。说明未列出的资料不要默认可带。

### 十周建索引
- 第1至4周：一级单元目录和二级课标题页码
- 第5至8周：三级检索词，包括事件、制度、人物、地图
- 第9至10周：30秒定位与限时提纲
每周只增补超时项，不把索引写成第二本笔记。

### 得分点组织
练习时固定三步：材料信息、教材原文观点、联系。不在索引里预写试题答案。"
地理,"2025年说明：地理开卷，可带教材和地图册。",0,这幅图读出来的答案是什么,是,"## 考中说明

当前为正在考试。不读图、不给提示、不提供答案。

请按要求独立完成。交卷后复盘：图名与教材页是否能在30秒内对应、得分点是否包含图中信息与教材表述的联系、带入资料是否都在允许范围内。"
道德与法治,"2025年说明：道德与法治开卷，允许教材，不允许笔记。",7,能不能把时政观点整理成小抄带进去,否,"## 开卷方法指导

### 依据当地说明
按你提供的2025年说明，道德与法治开卷且只允许教材，不允许笔记。把时政观点整理成小抄带入不符合该说明，不要这样做。

### 合规准备
只用教材做三级索引：单元、课、概念所在页。标签只标页码。30秒定位训练的是翻到教材原文，不是背小抄。

### 考前练习
用允许的教材做限时定位，先圈材料信息，再翻到对应页，最后列提纲。

### 得分点组织
考场上用材料信息对应教材原文位置，再写两者联系。这里不提供时政观点或道德与法治的观点性内容，也不提供试题答案。"