授课年级,教学内容,学情弱项,参考文件,教案框架
初二,光的反射,"入射角与反射角混淆，不会画光路图","《义务教育物理课程标准（2022年版）》光学部分；人教版八年级上册光现象","## 物理观念
光在同种均匀介质中沿直线传播；反射时遵循反射定律。
## 概念建构
区分入射光线、反射光线、法线、入射角、反射角。强调两角均相对法线，而非镜面。
## 规律教学
三线共面；法线居中；反射角等于入射角。用激光笔与平面镜演示，safetyLevel：低（避免直射眼睛）。
## 模型建构
平面镜成像作对称点，连线即反射光线。
## 应用训练
画给定入射光线的反射光路；判断潜望镜中的反射次数。
## 课堂小结
角从法线量起；先作法线再画反射光线。"
初二,凸透镜成像规律,"物距与像距关系不清，实像虚像判断易错","人教版八年级上册透镜；课程标准光学实验建议","## 物理观念
凸透镜对光有会聚作用；成像性质随物距变化。
## 概念建构
焦点、焦距、物距u、像距v；实像可承接，虚像不能。
## 规律教学
分组实验：u>2f、f<u<2f、u<f三种典型情况。蜡烛与光屏实验，safetyLevel：低（固定蜡烛，注意防火）。
## 模型建构
用三条特殊光线作图：过光心不偏折、平行主轴过焦点、过焦点后平行主轴。
## 应用训练
判断放大镜、投影仪、照相机对应的物距区间。
## 课堂小结
一倍焦距分虚实，二倍焦距分大小。"
初二,液体压强,"深度与压力面积混淆，公式p=ρgh使用条件不清","人教版八年级下册压强；课程标准压强主题","## 物理观念
液体内部向各个方向都有压强，压强随深度增加。
## 概念建构
深度是液面到研究点的竖直距离，不是容器高度。
## 规律教学
U形管压强计演示同种液体不同深度、不同液体同一深度。safetyLevel：低。得出p=ρgh，仅适用于静止液体。
## 模型建构
选液柱：底面积S、高h，重力ρgSh，压强ρgh。
## 应用训练
比较容器底与侧壁压强；计算大坝下部为何更厚。
## 课堂小结
液体压强看密度和深度，与容器形状、液体总重无直接关系。"
初二,阿基米德原理,"浮力来源说不清，排开液体体积与物体体积混用","人教版八年级下册浮力","## 物理观念
浮力是液体对物体上下表面压力差。
## 概念建构
F浮=G排，排开液体的体积等于浸入部分体积。
## 规律教学
弹簧测力计测空气中与浸没时的示数差，并称排开水的重力。safetyLevel：低（溢水杯防滑）。
## 模型建构
完全浸没：V排=V物；部分浸入：V排<V物。
## 应用训练
判断铁块沉底仍受浮力；比较同体积铁块与木块浸没时浮力。
## 课堂小结
浮力看排开液体，不看物体自身重力。"
初三,欧姆定律,"电流、电压、电阻因果关系颠倒，图像斜率含义不清","人教版九年级全一册电流和电路；课程标准电学","## 物理观念
导体中的电流与两端电压、导体电阻有定量关系。
## 概念建构
控制变量：电阻一定看电流与电压；电压一定看电流与电阻。
## 规律教学
学生实验：调节滑动变阻器，记录U、I，计算R。safetyLevel：中（检查电路再接通，电源电压不超过学生电源额定值）。I=U/R。
## 模型建构
U-I图像过原点，斜率表示电阻。
## 应用训练
已知任意两量求第三量；判断短路、断路时电表异常。
## 课堂小结
欧姆定律适用于纯电阻电路的某一段导体。"
初三,电功率,"额定功率与实际功率不分，P=UI与P=IR适用条件模糊","人教版九年级电功率","## 物理观念
用电器消耗电能的快慢用电功率表示。
## 概念建构
额定电压下的功率为额定功率；实际电压变化则实际功率变化。
## 规律教学
测量小灯泡电功率：电压表并、电流表串，滑动变阻器调至额定电压。safetyLevel：中（先把滑片调到最大阻值处）。
## 模型建构
纯电阻可用P=UI=IR=U/R；非纯电阻只用P=UI。
## 应用训练
比较“220V 40W”与“220V 100W”灯丝电阻及串联时谁更亮。
## 课堂小结
先分清额定与实际，再选公式。"
初三,焦耳定律,"电热与电功混淆，串联电路发热比较出错","人教版九年级电与磁、焦耳定律","## 物理观念
电流通过导体产生热量，与电流、电阻、通电时间有关。
## 概念建构
Q=IRt是电热；纯电阻电路中电功等于电热。
## 规律教学
控制变量演示：相同时间比较不同电流或不同电阻的煤油温度变化。safetyLevel：低（密闭加热注意勿烫伤）。
## 模型建构
串联电流相同，电阻大者发热多；并联电压相同，用Q=Ut/R比较。
## 应用训练
电炉丝热而导线不热的原因。
## 课堂小结
比较发热先看电路连接方式，再选对应公式。"
高一,牛顿第一定律,"把惯性当成力，受力与运动状态关系表述不准","人教版必修第一册牛顿运动定律；课程标准力学","## 物理观念
力是改变运动状态的原因，不是维持运动的原因。
## 概念建构
惯性是物体保持原有运动状态的性质，只与质量有关。
## 规律教学
理想实验：伽利略斜面、气垫导轨减小摩擦。safetyLevel：低。得出不受力时匀速直线运动或静止。
## 模型建构
受力分析先隔离，再判断合力是否为零，从而判断运动状态是否改变。
## 应用训练
解释刹车前倾、急加速后仰，避免说成“惯性力”。
## 课堂小结
惯性不是力；合力为零则运动状态不变。"
高一,自由落体运动,"忽略空气阻力的适用条件不清，与竖直下抛公式混用","人教版必修第一册自由落体","## 物理观念
只受重力、初速度为零的运动是自由落体，加速度为g。
## 概念建构
自由落体是初速度为零的匀加速直线运动的特例。
## 规律教学
牛顿管对比有无空气时铁片与羽毛。safetyLevel：低。频闪照片测g的思路。
## 模型建构
v=gt，h=gt，v=2gh；规定向下为正。
## 应用训练
估算反应时间：尺落实验，由h求t。safetyLevel：低。
## 课堂小结
先判断是否可忽略阻力，再套用初速为零的公式。"
高一,匀变速直线运动规律,"平均速度与瞬时速度不分，公式选用缺少已知量分析","人教版必修第一册运动的描述","## 物理观念
加速度恒定的直线运动速度均匀变化。
## 概念建构
a=(v-v0)/t；位移是过程量，速度是状态量。
## 规律教学
打点计时器纸带：相邻计数点时间间隔，用逐差法求a。safetyLevel：低（低压学生电源，纸带勿缠手）。
## 模型建构
基本公式v=v0+at，x=v0t+at，v-v0=2ax；平均速度(v0+v)/2仅适用于匀变速。
## 应用训练
已知三个量求其余量，先列已知再选公式。
## 课堂小结
匀变速才可用中间时刻速度等于平均速度。"
高二,机械能守恒定律,"只有重力做功的条件判断失误，选参考平面随意导致符号错","人教版必修第二册机械能守恒定律","## 物理观念
动能与势能可以相互转化；只有重力或弹力做功时机械能守恒。
## 概念建构
重力势能Ep=mgh与零势能面有关，动能Ek=mv与零势能面无关。
## 规律教学
单摆或自由落体：下降过程重力势能减少、动能增加。safetyLevel：低（摆球轨迹避开人脸）。
## 模型建构
mgh1+mv1=mgh2+mv2；有摩擦则用动能定理。
## 应用训练
光滑斜面下滑求末速，说明与斜面倾角无关。
## 课堂小结
先判断是否守恒，再选零势能面，高度用相对值。"
高二,电场强度,"场强与电场力不分，正负电荷受力方向画反","人教版必修第三册静电场","## 物理观念
电场是存在于电荷周围的物质；场强描述电场本身的强弱和方向。
## 概念建构
E=F/q是定义式，E由场源决定，与试探电荷无关。方向规定为正电荷受力方向。
## 规律教学
不进行高压带电演示。用已有场线图讨论点电荷、匀强电场。思路引导safetyLevel：低（仅图示，不操作感应起电机）。
## 模型建构
点电荷E=kQ/r；匀强电场中F=qE为恒力。
## 应用训练
比较同一点不同试探电荷的F与E；画负电荷在匀强电场中的受力。
## 课堂小结
E是场的性质，F是电荷在场中的受力。"