学段,题目,学生答案,正确答案,根因分析
初中,"绿色植物进行光合作用的主要场所是（ ）A.线粒体 B.叶绿体 C.液泡 D.细胞核",A,B,"主维度：概念理解；子类型：细胞器功能混淆。判断依据：学生将光合作用场所选为线粒体，而线粒体是有氧呼吸的主要场所，属于功能对调。根本原因：未区分制造有机物与分解有机物释放能量及其场所。改进建议：用对照表整理叶绿体与线粒体的功能、原料和产物，并各做两道场所判断题。证据说明：仅能确认当次混淆，不能推断长期弱项。"
初中,"人体吸入的氧气最终主要用于（ ）A.氧化分解有机物并释放能量 B.构成细胞结构 C.运输营养物质 D.调节体温",B,A,"主维度：知识记忆；子类型：核心去向遗漏。判断依据：氧气主要参与呼吸作用中有机物的氧化分解，学生选择构成细胞结构，未调用这一去向。根本原因：对呼吸作用实质的提取不稳定，易与笼统的组成身体说法相混。改进建议：按氧气到线粒体、氧化分解有机物、释放能量复述并默写一遍。证据说明：只能说明该点当次未提取成功，不能判断长期记忆弱项。"
初中,"食物链草→兔→狐中，数量通常最多的是（ ）A.草 B.兔 C.狐 D.一样多",C,A,"主维度：思维推理；子类型：营养级数量关系颠倒。判断依据：学生选择最高营养级的狐，与生产者数量通常最多、能量沿食物链逐级递减的方向相反。根本原因：用体型或凶猛程度代替营养级关系进行推断。改进建议：画能量金字塔并标注相对数量，再用另一条食物链说明谁通常最多。证据说明：支持当次推理方向错误，样本不足，不外推长期弱项。"
初中,"下列属于相对性状的是（ ）A.豌豆的高茎和蚕豆的高茎 B.豌豆的高茎和矮茎 C.豌豆的黄粒和圆粒 D.狗的黑毛和猫的白毛",A,B,"主维度：概念理解；子类型：判定标准未用全。判断依据：相对性状须同种生物、同一性状的不同表现；A跨物种且表现相同，B才同时满足。根本原因：只按表面相似判断，未逐项核对同种和不同表现。改进建议：选择前先写同种、同一性状、不同表现三问，三问都是再选。证据说明：可判断本题概念应用不完整，不能认定概念体系整体薄弱。"
初中,"显微镜视野中物像位于左上方，要把物像移到视野中央，装片应向哪移动？",右下方,左上方,"主维度：方法模型；子类型：成像移动规则用反。判断依据：物像偏哪一侧，装片就应向哪一侧移动；学生选择相反方向，符合把倒像理解成必须反向补偿的误用。根本原因：记住了倒像，但没有转化成可操作规则。改进建议：记住偏哪移哪，并在低倍镜下实际移动一次装片验证。证据说明：只能说明该规则当次用反，不能推断实验操作整体弱。"
初中,"种子萌发是否只需要水？请判断并说明理由。",不对,"不对。还需要适宜的温度和充足的空气，三个外界条件缺一不可。","主维度：证据不足，暂不能确定子类型。判断依据：结论方向与正确答案一致，但未写理由，无法区分是已掌握三条件却漏写，还是仅凭语感否定。根本原因：作答信息不够，不能把漏写直接当成知识错误。改进建议：要求用完整句补写水、适宜温度、充足空气三项后再评。证据说明：证据不足，不凭本空推断长期弱项。"
高中,"减数第一次分裂后期的主要特征是（ ）A.着丝粒分裂，姐妹染色单体分离 B.同源染色体分离 C.染色体复制 D.着丝粒分裂且同源染色体分离",A,B,"主维度：概念理解；子类型：分裂时期特征错位。判断依据：着丝粒分裂、姐妹染色单体分离是减数第二次分裂后期的特征，减一后期的标志是同源染色体分离。根本原因：减一与减二的关键事件未按时期对齐。改进建议：只对比两个后期各画一幅简图，分别标出同源染色体分离和姐妹染色单体分离。证据说明：支持当次时期特征错位，不能据此判断减数分裂模块长期薄弱。"
高中,"豌豆高茎(D)对矮茎(d)为显性，杂合高茎Dd自交，子代表现型高茎:矮茎的理论比是？",1:1,3:1,"主维度：方法模型；子类型：交配类型与比例模型误配。判断依据：Dd自交表现型应为3:1，1:1是Dd与dd测交的比例。根本原因：看到杂合子就套用1:1，未先确认双亲基因型。改进建议：先圈出自交或测交及亲本基因型，再选择配子法或棋盘计算。证据说明：本题指向模型选用错误，不能说明计算能力整体不足。"
高中,"光合作用中，光反应为暗反应提供的物质主要是（ ）A.仅[H] B.仅ATP C.[H]和ATP D.氧气和葡萄糖",D,C,"主维度：概念理解；子类型：两阶段物质联系错误。判断依据：光反应供给暗反应的是[H]和ATP；氧气是光反应释放产物，葡萄糖是暗反应产物，不能作为供给物质。根本原因：把过程中出现的物质都当成阶段间的供给物质。改进建议：画光反应指向暗反应的箭头，只写下[H]和ATP，并注明氧气释放、糖在暗反应生成。证据说明：可确认该联系点当次错误，不外推长期弱项。"
高中,"判断正误：浆细胞能特异性识别抗原并产生抗体。",正确,"错误。浆细胞不能特异性识别抗原，功能是合成并分泌抗体。","主维度：概念理解；子类型：免疫细胞功能张冠李戴。判断依据：学生判定原句正确，但浆细胞不承担抗原识别，识别主要由B细胞、T细胞等完成。根本原因：把参与体液免疫笼统等同于能识别抗原。改进建议：列表对比B细胞、浆细胞、记忆B细胞的识别能力和功能，各用一句话复述。证据说明：仅能判断该功能点混淆，不能认定免疫知识整体薄弱。"
高中,"生态系统中能量流动的特点是（ ）A.单向流动、逐级递减 B.循环流动、逐级递增 C.单向流动、逐级递增 D.循环流动、逐级递减",D,A,"主维度：概念理解；子类型：物质循环与能量流动特点混用。判断依据：能量流动是单向、逐级递减；循环属于物质循环。学生保留逐级递减，却把路径记成循环。根本原因：两个过程的特点成对记忆时发生交叉。改进建议：分两列默写物质与能量的路径和特点，避免写进同一句话。证据说明：显示特点交叉，不能判断生态模块长期弱项。"
高中,"真核生物转录和翻译的主要场所分别是？","转录在核糖体，翻译在细胞核","转录主要在细胞核，翻译在细胞质的核糖体","主维度：知识记忆；子类型：场所对应颠倒。判断依据：学生将两个场所对调；真核生物转录主要在细胞核，翻译在核糖体。根本原因：知道相关场所，但过程与场所的配对不稳。改进建议：用转录在核内合成RNA、翻译在核糖体合成蛋白质各写一遍并互查。证据说明：只能说明该配对当次颠倒，不扩展推断。"
高中,"某DNA一条链A:T:G:C=1:2:3:4，该DNA分子中A占总碱基数的比例是？",3/10,3/20,"主维度：方法模型；子类型：双链比例漏除以2。判断依据：该链A与T合计占3/10，整个DNA中A占比应为(A+T)/2=3/20；学生得到3/10，说明用了互补关系但未换成双链比例。根本原因：把一条链内的份数直接当成整个DNA分子的比例。改进建议：固定步骤为先配对，再求该链A加T，最后除以2。证据说明：指向该计算步骤遗漏，不能推断遗传计算长期弱。"
高中,"下列关于种群的叙述正确的是（ ）A.种群是生物进化的基本单位 B.种群密度能反映年龄组成 C.一个池塘中的全部鱼是一个种群 D.种群基因频率始终不变",C,A,"主维度：审题信息；子类型：范围关键词漏读。判断依据：C中全部鱼包含多个物种，不符合种群的同种限定；学生更像抓住同一池塘而漏掉物种范围，A才是正确表述。根本原因：未核对全部鱼是否等于全部同种鱼。改进建议：判断种群题时先圈同种、全部、时空范围三个词再选项。证据说明：可解释当次漏读，单题不足以说明审题能力长期不足，也不能排除概念不牢，主次证据不足。"