学段,学科,班级,复习开始日期,考试日期,每周可用课时,考试说明,本班薄弱考点,当前教学进度,复习计划
初中,生物,初二3班,2026-03-16,2026-05-20,3,"本市初中生物学业水平考试说明（2026）：范围为人教版七年级上册至八年级下册已学内容，含细胞的结构与功能、生物体的结构层次、生物与环境、植物的类群、人体的消化循环与呼吸、生物的遗传初步。形式为闭卷笔试，时长90分钟，满分100分。题型为单项选择、填空、识图作答、实验探究。实践项目为显微镜的使用、临时装片的制作、观察人的口腔上皮细胞。是否设实验操作加试、及格分数线、是否允许使用计算器，说明未写。","班级汇总：临时装片制作步骤易颠倒；显微镜对光与调焦不稳；光合作用与呼吸作用的原料、产物易混；食物消化与吸收部位易混；遗传图解中显隐性判断不稳。实验操作类问题集中在装片与显微镜。","已学完八年级下册前三章，生物的生殖与发育正在进行，遗传初步尚未新授。","# 初中生物初二3班学业水平考试复习计划（供教师审定）

## 1. 依据与边界
- 复习窗口：2026-03-16至2026-05-19；考试日：2026-05-20。每周可用3课时，约9周、合计约27课时，具体课次按校历拆分。
- 考试范围、形式、题型、实践项目只采用本条考试说明；未写明事项不自行补充。
- 按班级汇总薄弱情况安排，不含学生姓名、个体分数或名次。遇节假日顺延至下一可用课时，校历待教师确认。

## 2. 考试信息（仅据所提供说明）
- 范围：七上至八下已学内容中已列模块（细胞、结构层次、生物与环境、植物类群、人体消化循环与呼吸、遗传初步）。
- 形式：闭卷笔试，90分钟，满分100。
- 题型：单项选择、填空、识图作答、实验探究。
- 实践项目：显微镜的使用、临时装片的制作、观察人的口腔上皮细胞。操作顺序以教材为准，由教师现场指导，本计划不另写操作细则。
- 待教师确认：是否设实验操作加试、及格分数线、是否允许使用计算器。

## 3. 倒排阶段
- 2026-03-16至2026-04-12：回看说明内已学模块（细胞与结构层次、植物类群、人体消化循环呼吸、生物与环境）。遗传初步尚未新授，不列入已确认任务。
- 2026-04-13至2026-05-05：薄弱强化，并安排三项实践项目的课内回看。
- 2026-05-06至2026-05-19：不上新课，只做已学内容限时训练、错题归类和间隔回看。
- 2026-05-20：考试日，只提示流程与状态。

## 4. 薄弱考点与实践
- 优先：临时装片与显微镜、光合与呼吸易混、消化与吸收部位。
- 遗传图解仅在遗传初步已新授且教师确认纳入后，才进入考前回看；否则不排。
- 若遗传初步必须纳入说明所列范围，新授须在2026-05-06前完成。

## 5. 间隔回看与易混交叉
- 装片与显微镜首次处理2026-03-18，回看：03-19、03-21、03-25、04-01。
- 光合与呼吸首次处理2026-03-25，回看：03-26、03-28、04-01、04-08。
- 消化与吸收首次处理2026-04-08，回看：04-09、04-11、04-15、04-22。
- 交叉练习（不新授）：04-01光合与呼吸对照；04-15消化吸收部位与气体交换部位对照；04-22装片步骤与显微镜调焦对照。

## 6. 考前14天与考试日
- 2026-05-06起不上新课。
- 2026-05-20只提示：证件与文具、入场时间、先审实验探究与识图题、涂卡或书写规范以监考说明为准、结束后不讨论答案。不讲评、不发新材料。

## 7. 待教师确认
- 实验操作是否另设加试及计分方式。
- 遗传初步新授能否在2026-05-06前完成，未完成则是否从本次范围剔除。
- 每周3课时的具体课表与节假日调课。"
初中,地理,初二1班,2026-03-23,2026-05-27,2,"区初中地理学业水平考试说明：范围七年级上、下册及八年级上册已学内容，含地球与地图、陆地和海洋、天气与气候、居民与聚落、亚洲及主要国家、中国的疆域人口与自然环境。闭卷笔试60分钟，满分100。题型为选择题、读图分析题、综合题。实践项目为在经纬网上定位、绘制校园平面简图、判读等高线地形图。是否开卷、是否允许携带地图册，说明未写。","班级汇总：经纬网定向与比例尺计算易错；等高线疏密与坡度判断不稳；气候类型判读与亚洲分区易混；中国地形区与河流分布对应不牢。","八年级上册中国的自然环境已学完，自然资源一章刚开始。","# 初中地理初二1班学业水平考试复习计划（供教师审定）

## 1. 依据与边界
- 复习窗口：2026-03-23至2026-05-26；考试日：2026-05-27。每周2课时，优先保证说明内薄弱项，不超课时。
- 范围、形式、题型、实践项目仅据本条说明。不含学生姓名、个体分数或名次。节假日顺延，校历待教师确认。

## 2. 考试信息（仅据所提供说明）
- 范围：地球与地图、陆地和海洋、天气与气候、居民与聚落、亚洲及主要国家、中国的疆域人口与自然环境。
- 形式：闭卷笔试，60分钟，满分100。
- 题型：选择题、读图分析题、综合题。
- 实践项目：经纬网定位、校园平面简图、等高线地形图判读。
- 自然资源一章未列入说明，不作为考试任务。
- 待教师确认：是否开卷、是否允许携带地图册。

## 3. 倒排阶段
- 2026-03-23至2026-04-19：说明内模块回看，并完成三项实践的课内练习。
- 2026-04-20至2026-05-12：薄弱强化（经纬网与比例尺、等高线坡度、气候与亚洲分区、地形区与河流）。
- 2026-05-13至2026-05-26：不上新课，只做读图限时与回看。
- 2026-05-27：考试日，只提示流程与状态。

## 4. 薄弱考点与实践
- 每周2课时建议：1课时读图薄弱项，1课时实践或交叉练习，具体课表待教师确认。
- 正在进行的自然资源新授不列入考试复习；若仍需推进，须在2026-05-13前结束或暂停。

## 5. 间隔回看与易混交叉
- 经纬网定位首次处理2026-03-25，回看：03-26、03-28、04-01、04-08。
- 等高线判读首次处理2026-04-01，回看：04-02、04-04、04-08、04-15。
- 气候与亚洲分区首次处理2026-04-15，回看：04-16、04-18、04-22、04-29。
- 交叉练习：04-08经纬网定向与等高线坡度；04-22气候类型与亚洲分区；04-29地形区与河流对应。均不新授。

## 6. 考前14天与考试日
- 2026-05-13起不上新课。
- 2026-05-27只提示：证件文具、入场时间、读图题先看图名图例方向比例尺、综合题按设问分点、结束后不讨论答案。

## 7. 待教师确认
- 开卷与地图册规定。
- 自然资源新授是暂停还是在2026-05-13前结束。
- 校园平面图练习的场地与课时是否单列。"
高中,生物,高二5班,2026-04-06,2026-06-10,4,"省普通高中生物学学业水平合格性考试说明：范围必修1分子与细胞、必修2遗传与进化已学模块。闭卷笔试90分钟，满分100。题型为选择题、非选择题（含资料分析与实验设计）。实践项目为检测生物组织中的还原糖、观察植物细胞有丝分裂、建立减数分裂染色体变化模型。选考要求、实验操作是否单独计分，说明未写。","班级汇总：有丝分裂与减数分裂图像辨析易混；光合作用光反应与暗反应的场所和物质变化不稳；基因分离定律与自由组合应用易错；还原糖检测的试剂使用条件易错。","必修2遗传与进化已学至基因突变，染色体变异与进化尚未新授。","# 高中生物高二5班学业水平考试复习计划（供教师审定）

## 1. 依据与边界
- 复习窗口：2026-04-06至2026-06-09；考试日：2026-06-10。每周4课时。
- 只按说明确定范围、形式、题型和实践项目。不含学生姓名、个体分数或名次。节假日顺延待确认。

## 2. 考试信息（仅据所提供说明）
- 范围：必修1、必修2的已学模块。染色体变异与进化尚未新授，不列入已确认范围。
- 形式：闭卷笔试，90分钟，满分100。
- 题型：选择题、非选择题（资料分析与实验设计）。
- 实践项目：还原糖检测、观察植物细胞有丝分裂、减数分裂染色体变化模型。试剂条件与操作以教材和实验室安全规范为准，由教师按校本指导执行，本计划不写操作参数。
- 待教师确认：选考要求、实验操作是否单独计分。

## 3. 倒排阶段
- 2026-04-06至2026-05-03：回看必修1与必修2已学内容。
- 2026-05-04至2026-05-26：薄弱强化与三项实践回看。
- 2026-05-27至2026-06-09：不上新课，限时训练与间隔回看。
- 2026-06-10：考试日，只提示流程与状态。

## 4. 薄弱考点与实践
- 图像辨析、光合场所与物质变化、分离定律与自由组合、还原糖检测条件，按班级汇总安排，不点名。
- 若教师确认染色体变异与进化须纳入，新授必须在2026-05-27前完成；否则维持“不在本次已确认范围”。

## 5. 间隔回看与易混交叉
- 有丝与减数图像首次处理2026-04-08，回看：04-09、04-11、04-15、04-22。
- 光合作用首次处理2026-04-15，回看：04-16、04-18、04-22、04-29。
- 分离与自由组合首次处理2026-04-22，回看：04-23、04-25、04-29、05-06。
- 还原糖检测首次处理2026-04-29，回看：04-30、05-02、05-06、05-13。
- 交叉练习：04-15有丝与减数图像；04-22光合场所与还原糖检测条件；05-06分离定律与自由组合。不新授。

## 6. 考前14天与考试日
- 2026-05-27起不上新课。
- 2026-06-10只提示：证件文具、入场与答题卡要求、实验设计题先找变量与对照、结束后不讨论答案。

## 7. 待教师确认
- 染色体变异与进化是否纳入及能否在考前14天以前完成新授。
- 实验操作计分方式与实验室排课。
- 每周4课时与其他学科联排冲突。"
高中,地理,高二2班,2026-04-07,2026-06-17,3,"市普通高中地理学业水平合格性考试说明：范围必修地理1、地理2已学内容，含行星地球、大气与水、地表形态、人口与城市、产业区位。笔试90分钟，满分100，闭卷。题型为选择题、综合题（含读图）。实践项目为绘制热力环流示意图、判读等压线与天气系统、分析工业区位简图。是否含选修、是否开卷，说明未写。","班级汇总：热力环流方向易画反；冷锋与暖锋符号及天气变化易混；工业区位主导因素判断不稳；等压线疏密与风力关系不牢。","地理2产业区位已学完，交通运输与地域联系尚未新授。","# 高中地理高二2班学业水平考试复习计划（供教师审定）

## 1. 依据与边界
- 复习窗口：2026-04-07至2026-06-16；考试日：2026-06-17。每周3课时。
- 范围、形式、题型、实践项目仅据本条说明。不含学生姓名、个体分数或名次。

## 2. 考试信息（仅据所提供说明）
- 范围：行星地球、大气与水、地表形态、人口与城市、产业区位。
- 交通运输与地域联系未列入说明，不作为考试任务。
- 形式：闭卷笔试，90分钟，满分100。
- 题型：选择题、综合题（含读图）。
- 实践项目：热力环流示意图、等压线与天气系统判读、工业区位简图分析。
- 待教师确认：是否含选修、是否开卷。

## 3. 倒排阶段
- 2026-04-07至2026-05-10：说明内模块回看与三项实践。
- 2026-05-11至2026-06-02：薄弱强化。
- 2026-06-03至2026-06-16：不上新课。
- 2026-06-17：考试日，只提示流程与状态。

## 4. 薄弱考点与实践
- 热力环流方向、锋面与天气、等压线疏密与风力、工业区位主导因素。
- 未新授的交通运输内容不排入考试复习；若教学仍要推进，须在2026-06-03前结束或暂停。

## 5. 间隔回看与易混交叉
- 热力环流首次处理2026-04-09，回看：04-10、04-12、04-16、04-23。
- 锋面与等压线首次处理2026-04-16，回看：04-17、04-19、04-23、04-30。
- 工业区位首次处理2026-04-30，回看：05-01、05-03、05-07、05-14。
- 交叉练习：04-23热力环流与等压线；05-07冷锋暖锋与天气变化；05-14工业区位主导因素与区位简图要素对照。不新授。

## 6. 考前14天与考试日
- 2026-06-03起不上新课。
- 2026-06-17只提示：证件文具、入场时间、读图先方向图例、综合题分点、结束后不讨论答案。

## 7. 待教师确认
- 选修与开卷规定。
- 交通运输新授是否暂停。
- 2026-05-01等节假日的调课。"
初中,生物,初三4班,2026-03-09,2026-05-13,4,"市初中学业水平生物考试说明：范围七至八年级全部。闭卷，满分100，时长90分钟。题型为选择、填空、识图、探究。实践项目为观察种子结构、探究种子萌发条件、显微镜观察叶片横切。评分细则未提供。","班级汇总：种子结构辨认不稳；种子萌发对照实验的变量控制不稳；叶片结构与功能对应易错；生态系统成分与食物链易混；人体神经调节与激素调节易混。","新课已全部结束，处于总复习。","# 初中生物初三4班学业水平考试复习计划（供教师审定）

## 1. 依据与边界
- 复习窗口：2026-03-09至2026-05-12；考试日：2026-05-13。每周4课时。
- 本班新课已结束。范围、形式、题型、实践项目仅据本条说明。不含学生姓名、个体分数或名次。

## 2. 考试信息（仅据所提供说明）
- 范围：七至八年级全部。
- 形式：闭卷，100分，90分钟。
- 题型：选择、填空、识图、探究。
- 实践项目：观察种子结构、探究种子萌发条件、显微镜观察叶片横切。变量控制与观察要点按教材由教师现场指导，不在本计划展开操作步骤。
- 待教师确认：评分细则。

## 3. 倒排阶段
- 2026-03-09至2026-04-05：分册回看，并安排三项实践。
- 2026-04-06至2026-04-28：薄弱强化与探究题限时。
- 2026-04-29至2026-05-12：不上新课，综合回看。
- 2026-05-13：考试日，只提示流程与状态。

## 4. 薄弱考点与实践
- 种子结构与萌发变量、叶片结构功能、生态系统成分与食物链、神经调节与激素调节。
- 实践课时从每周4课时中划出，具体周次待教师确认。

## 5. 间隔回看与易混交叉
- 种子结构与萌发首次处理2026-03-11，回看：03-12、03-14、03-18、03-25。
- 叶片结构首次处理2026-03-18，回看：03-19、03-21、03-25、04-01。
- 生态系统与调节易混点首次处理2026-04-01，回看：04-02、04-04、04-08、04-15。
- 交叉练习：03-25萌发变量控制与种子结构识图；04-08神经调节与激素调节；04-15食物链与生态系统成分。不新授。

## 6. 考前14天与考试日
- 2026-04-29起不上新课。
- 2026-05-13只提示：证件文具、入场时间、探究题先确定变量对照、结束后不讨论答案。

## 7. 待教师确认
- 评分细则与实验记录是否入卷。
- 每周4课时中实践课的具体周次。"
初中,地理,初三2班,2026-03-30,2026-06-03,2,"区初中地理学业考试说明：范围七、八年级。笔试70分钟，满分100。题型为选择与综合题。实践项目为中国行政区划拼图、气候资料图判读、家乡土地利用调查口述（不要求书面调查报告）。是否机考，说明未写。","班级汇总：省级行政区位置与简称易混；气温降水图与气候类型对应不稳；长江与黄河水文特征易混；家乡土地利用类型判读缺少图例意识。","八年级下册已学至地区差异，末章跨省区域尚未学完。","# 初中地理初三2班学业水平考试复习计划（供教师审定）

## 1. 依据与边界
- 复习窗口：2026-03-30至2026-06-02；考试日：2026-06-03。每周仅2课时，任务从说明内薄弱项裁剪，不超课时。
- 不含学生姓名、个体分数或名次。节假日顺延待确认。

## 2. 考试信息（仅据所提供说明）
- 范围表述为七、八年级。末章跨省区域尚未学完，是否必须纳入本次，待教师确认；未确认前不把未学内容写成已考范围。
- 形式：笔试70分钟，满分100。是否机考未写。
- 题型：选择与综合题。
- 实践项目：行政区划拼图、气候资料图判读、家乡土地利用调查口述。说明明确不要求书面调查报告，计划不另布置书面报告。

## 3. 倒排阶段
- 2026-03-30至2026-04-26：已学主干回看，完成拼图与气候图实践。
- 2026-04-27至2026-05-19：薄弱强化与土地利用口述练习。
- 2026-05-20至2026-06-02：不上新课。
- 2026-06-03：考试日，只提示流程与状态。

## 4. 薄弱考点与实践
- 每周2课时优先：行政区、气候资料图、长江黄河对照、图例判读。
- 若确认末章纳入范围，新授须在2026-05-20前完成；否则考前只复习已学内容。

## 5. 间隔回看与易混交叉
- 行政区首次处理2026-04-01，回看：04-02、04-04、04-08、04-15。
- 气候资料图首次处理2026-04-08，回看：04-09、04-11、04-15、04-22。
- 长江黄河首次处理2026-04-22，回看：04-23、04-25、04-29、05-06。
- 土地利用图例首次处理2026-05-06，回看：05-07、05-09、05-13、05-20。
- 交叉练习：04-15行政区与气候图；04-29长江与黄河水文；05-13土地利用图例与区域特征。不新授。

## 6. 考前14天与考试日
- 2026-05-20起不上新课。
- 2026-06-03只提示：证件文具、入场时间、综合题先读图例、口述类要求以现场说明为准、结束后不讨论答案。

## 7. 待教师确认
- 是否机考。
- 未学完的跨省区域是否纳入，以及能否在2026-05-20前完成。
- 土地利用口述的课内时间与评价方式（说明未给评分细则）。"
高中,生物,高三1班,2026-04-13,2026-06-08,5,"省学业水平合格考补考说明：范围必修1、必修2。闭卷90分钟。题型为选择题与非选择题。实践项目为观察根尖分生区细胞有丝分裂、制作DNA双螺旋结构模型。补考资格规则、成绩是否只记合格，说明未写。","班级汇总：有丝分裂各时期图像排序不稳；DNA复制与转录的模板链易混；孟德尔实验材料选择理由不清；模型制作中碱基配对方向易错。","合格考范围内新课已结束，当前为二轮复习。","# 高中生物高三1班学业水平考试复习计划（供教师审定）

## 1. 依据与边界
- 复习窗口：2026-04-13至2026-06-07；考试日：2026-06-08。每周5课时。范围内新课已结束，本计划不再排新课。
- 范围、形式、题型、实践项目仅据补考说明。不含学生姓名、个体分数或名次。

## 2. 考试信息（仅据所提供说明）
- 范围：必修1、必修2。
- 形式：闭卷，90分钟。满分说明未写，待教师确认。
- 题型：选择题与非选择题。
- 实践项目：观察根尖分生区细胞有丝分裂、制作DNA双螺旋结构模型。模型与观察按教材由教师指导，不在本计划写操作参数。
- 待教师确认：补考资格规则、成绩是否只记合格、满分。

## 3. 倒排阶段
- 2026-04-13至2026-05-10：必修1、必修2回看与两项实践。
- 2026-05-11至2026-05-24：薄弱强化。
- 2026-05-25至2026-06-07：不上新课，综合限时与回看。
- 2026-06-08：考试日，只提示流程与状态。

## 4. 薄弱考点与实践
- 有丝分裂时期排序、复制与转录模板链、孟德尔材料选择、碱基配对方向。
- 每周5课时中划出实践回看，避免挤占后只剩刷题；课表待教师确认。

## 5. 间隔回看与易混交叉
- 有丝分裂排序与观察首次处理2026-04-15，回看：04-16、04-18、04-22、04-29。
- DNA复制转录与模型首次处理2026-04-22，回看：04-23、04-25、04-29、05-06。
- 孟德尔实验首次处理2026-05-06，回看：05-07、05-09、05-13、05-20。
- 交叉练习：04-29有丝分裂图像与DNA复制；05-13转录模板链与碱基配对；05-20孟德尔材料选择与分离定律表述。不新授。

## 6. 考前14天与考试日
- 2026-05-25起不上新课。
- 2026-06-08只提示：证件文具、入场与填涂、非选择题先看设问、结束后不讨论答案。不讲评。

## 7. 待教师确认
- 补考资格、成绩记载方式、满分。
- 实验室与模型材料的课次。"
高中,地理,高三6班,2026-04-14,2026-06-24,4,"市高中地理学业水平合格考说明：必修地理1和地理2。闭卷笔试80分钟，满分100。题型为单选与综合题。实践项目为等高线地形图判读、城市功能区示意图分析、绘制水循环过程简图。答题卡填涂要求未写。","班级汇总：等高线与河流流向判断易反；城市功能区地租曲线易混；水循环环节名称与箭头方向不稳；气压带风带季节移动与气候成因对应不牢。","必修内容已学完，当前复习地球上的大气。","# 高中地理高三6班学业水平考试复习计划（供教师审定）

## 1. 依据与边界
- 复习窗口：2026-04-14至2026-06-23；考试日：2026-06-24。每周4课时。必修已学完，不排新课。
- 范围、形式、题型、实践项目仅据本条说明。不含学生姓名、个体分数或名次。

## 2. 考试信息（仅据所提供说明）
- 范围：必修地理1和地理2。选修未提及，不列入。
- 形式：闭卷笔试，80分钟，满分100。
- 题型：单选与综合题。
- 实践项目：等高线地形图判读、城市功能区示意图分析、水循环过程简图。
- 待教师确认：答题卡填涂要求。

## 3. 倒排阶段
- 2026-04-14至2026-05-24：模块回看与三项实践。当前大气复习纳入本阶段，不扩展到说明外模块。
- 2026-05-25至2026-06-09：薄弱强化（仍属已学内容）。
- 2026-06-10至2026-06-23：不上新课，综合与回看。
- 2026-06-24：考试日，只提示流程与状态。

## 4. 薄弱考点与实践
- 等高线与河流流向、地租曲线与功能区、水循环箭头、气压带风带与气候成因。
- 绘图类实践放在课内，不另加说明未要求的野外调查。

## 5. 间隔回看与易混交叉
- 等高线与河流流向首次处理2026-04-16，回看：04-17、04-19、04-23、04-30。
- 水循环绘图首次处理2026-04-23，回看：04-24、04-26、04-30、05-07。
- 城市功能区首次处理2026-05-07，回看：05-08、05-10、05-14、05-21。
- 气压带风带首次处理2026-05-21，回看：05-22、05-24、05-28、06-04。
- 交叉练习：04-30等高线流向与水循环箭头方向；05-14地租曲线与功能区；06-04气压带风带与气候成因（已学交叉，不新授）。

## 6. 考前14天与考试日
- 2026-06-10起不上新课。
- 2026-06-24只提示：证件文具、入场时间、填涂以监考说明为准、读图先方向图例、结束后不讨论答案。

## 7. 待教师确认
- 答题卡填涂的具体要求。
- 每周4课时与考前综合卷的取舍，避免超过可用课时。"
初中,生物,初二6班,2026-04-20,2026-06-18,3,"学校转发的考试通知仅写：初中生物学业水平考试，时间2026-06-18上午，地点本校。未提供范围、时长、满分、题型与实践项目。","班级汇总：细胞结构识图不稳；光合作用与呼吸作用易混；显微镜操作步骤不完整。","八年级下册生物进化正在新授。","# 初中生物初二6班学业水平考试复习计划（供教师审定）

## 1. 依据与边界
- 复习窗口：2026-04-20至2026-06-17；考试日：2026-06-18。每周3课时。
- 本地说明只有时间、地点和考试名称。范围、形式、题型、实践项目均缺失，全部标注待教师确认，不推断、不编造。
- 下列安排只是针对班级汇总薄弱点的教学补弱，不等于已确认的考试范围。不含学生姓名、个体分数或名次。

## 2. 考试信息（仅据所提供说明）
- 已写明：2026-06-18上午，本校，初中生物学业水平考试。
- 未写明因而待教师确认：考试范围、时长、满分、题型、是否闭卷、实践项目、是否实验操作加试、入场细则。

## 3. 倒排阶段
- 2026-04-20至2026-06-03：只复习已经学过的内容，并做班级薄弱点补弱。不把未确认模块排成考试任务。
- 生物进化正在新授：2026-06-04前必须停止新授或完成该段教学；该内容是否属于考试范围，待教师确认。未确认前不写入考试清单。
- 2026-06-04至2026-06-17：不上新课。
- 2026-06-18：考试日，只提示流程与状态。

## 4. 薄弱考点与实践
- 课内补弱：细胞结构识图、光合与呼吸对照、显微镜操作完整性。
- 说明未列实践项目，因此不把显微镜操作写成考试项目；仅作为教学补弱，步骤以教材为准并由教师现场指导。

## 5. 间隔回看与易混交叉
- 细胞结构识图补弱首次处理2026-04-22，回看：04-23、04-25、04-29、05-06。
- 光合与呼吸补弱首次处理2026-04-29，回看：04-30、05-02、05-06、05-13。
- 显微镜课内巩固首次处理2026-05-13，回看：05-14、05-16、05-20、05-27。
- 交叉练习：05-06细胞结构与光合呼吸场所；05-20显微镜操作顺序与临时观察常见错误对照。均属已学补弱，不新授，也不标成考试题型。

## 6. 考前14天与考试日
- 2026-06-04起不上新课。
- 2026-06-18只提示：上午、本校；证件文具、入场时间与考场规则待教师拿到正式通知后补充。当日不讲评、不新授、不讨论答案。

## 7. 待教师确认
- 范围、时长、满分、题型、开闭卷、实践项目、是否实验加试、考场规则。
- 生物进化新授停止日期，以及该内容是否在正式说明中。
- 正式说明到达后，本计划须按说明重审，教师确认前不执行被推断的考试范围。"
高中,地理,高一3班,2026-03-02,2026-05-06,2,"校地理学段检测说明（作为本次学业水平模拟的本地说明）：范围地理1第1-3章（行星地球、大气、水）。闭卷60分钟，满分100。题型为选择、读图填空。实践项目为演示地球公转方向与昼夜长短变化、绘制水循环示意图。第4章及以后明确不纳入。","班级汇总：地球公转方向与昼夜长短季节变化易混；热力环流方向易画反；水循环中海上内循环与海陆间循环易混。","地理1第3章水循环已学完，第4章地表形态下周拟新授。","# 高中地理高一3班学业水平考试复习计划（供教师审定）

## 1. 依据与边界
- 复习窗口：2026-03-02至2026-05-05；考试日：2026-05-06。每周2课时，只保说明内三类薄弱点。
- 范围、形式、题型、实践项目仅据本条说明。第4章及以后已明确不纳入，不排入考试复习。不含学生姓名、个体分数或名次。

## 2. 考试信息（仅据所提供说明）
- 范围：地理1第1-3章（行星地球、大气、水）。第4章及以后不纳入。
- 形式：闭卷，60分钟，满分100。
- 题型：选择、读图填空。
- 实践项目：演示地球公转方向与昼夜长短变化、绘制水循环示意图。

## 3. 倒排阶段
- 2026-03-02至2026-04-05：第1-3章回看与两项实践。
- 2026-04-06至2026-04-21：薄弱强化。
- 2026-04-22至2026-05-05：不上新课，只复习第1-3章已学内容。
- 2026-05-06：考试日，只提示流程与状态。

## 4. 薄弱考点与实践
- 公转方向与昼夜长短、热力环流方向、海上内循环与海陆间循环。
- 进度中拟新授的第4章不是本次考试内容。若教学进度仍要推进，须在2026-04-22前结束或改期；考前14天不得新授。是否暂停第4章，待教师确认。

## 5. 间隔回看与易混交叉
- 公转与昼夜长短首次处理2026-03-04，回看：03-05、03-07、03-11、03-18。
- 热力环流首次处理2026-03-11，回看：03-12、03-14、03-18、03-25。
- 水循环首次处理2026-03-25，回看：03-26、03-28、04-01、04-08。
- 交叉练习：03-18昼夜长短与热力环流的季节差异；04-01海上内循环与海陆间循环；04-08公转示意图与水循环绘图对照。不新授，不加入第4章。

## 6. 考前14天与考试日
- 2026-04-22起不上新课。
- 2026-05-06只提示：证件文具、入场时间、读图填空先看图例方向、结束后不讨论答案。

## 7. 待教师确认
- 第4章新授是暂停还是改到2026-04-22之前，且不计入本次考试范围。
- 每周2课时不够覆盖全部第1-3章细节时，以三类薄弱点和两项实践为先，删减顺序待教师确认。
- 节假日调课。"