题目文件,学段,知识点,学生答案,正确答案,基础错因,28天累计次数,错因分析
"初中_平均速度_01.jpg","初中","平均速度","路程相等的两段速度分别为10m/s和20m/s，平均速度=(10+20)/2=15m/s","等路程平均速度=2v1v2/(v1+v2)=40/3 m/s，必须用总路程除以总时间","概念模糊","6","概念维（子类型：平均速度与速度算术平均值混淆）；模型维（子类型：无，等距分段成立）；方法维（子类型：未用定义式而套算术平均）；运算维（子类型：无，加减运算本身正确）；审题维（子类型：无，等路程条件已读到）。主因在概念维。根因：没有回到平均速度等于总路程除以总时间，把数学平均当成物理平均。弱项状态：仅依据给定28天累计6次，判为反复弱项，不另计。练习：等时、等距对照各4题，强制先列总路程和总时间再求商，并用一句话对比算术平均与调和平均的适用情形。"
"初中_惯性_02.jpg","初中","牛顿第一定律与惯性","力越大惯性越大，所以物体推不动","惯性只由质量决定，与受力、速度无关；推不动是因为推力与静摩擦力平衡","概念模糊","9","概念维（子类型：惯性决定因素与力、速度混淆）；模型维（子类型：把推不动建成惯性大小问题，而非二力平衡）；方法维（子类型：未作受力分析）；运算维（子类型：无）；审题维（子类型：无，现象读对但归因错误）。主因在概念维。根因：前概念“力维持运动、力大则惯性大”未纠正，未建立质量是惯性唯一量度。弱项状态：仅依据给定9次，判为稳定弱项。练习：惯性判断题10道，并配推不动、刹车、突然启动各1个受力分析，要求把惯性与运动状态变化分开回答。"
"初中_压强_03.jpg","初中","固体压强","甲对地面压力比乙大，所以甲的压强大","压强p=F/S，必须同时比较压力和受力面积；本题乙的压强更大","方法用错","4","概念维（子类型：压强定义不牢，伴随原因）；模型维（子类型：无，压力已给出）；方法维（子类型：多因素比较只抓压力单一变量）；运算维（子类型：未算到F/S比值）；审题维（子类型：看到压力但忽略面积条件）。主因在方法维。根因：比较时没有控制变量，也没有同时看F和S。弱项状态：仅依据给定4次，判为反复弱项。练习：压力与面积同向、反向变化对照6题，规定先写p=F/S再定性比较，禁止只写压力大则压强大。"
"初中_欧姆定律_04.jpg","初中","欧姆定律简单计算","I=U/R=6V/10Ω=0.6A","电路电阻为20Ω，I=6V/20Ω=0.3A","读题失误","1","概念维（子类型：无，欧姆定律形式正确）；模型维（子类型：无，电路识别正确）；方法维（子类型：无，公式选用正确）；运算维（子类型：无，6除以10的运算本身无误）；审题维（子类型：关键数据看错，20Ω看成10Ω）。主因在审题维。根因：已知量未圈画，代入前缺少数据回读。弱项状态：仅依据给定1次，判为偶发，不列为弱项。练习：限时勾画U、R再代入，8题只查代入值是否与题干一致。"
"初中_浮力_05.jpg","初中","阿基米德原理","木块漂浮，F浮=ρ水gV木","漂浮时V排小于V木，F浮=ρ水gV排，且F浮等于物重","概念模糊","7","概念维（子类型：排开液体体积与物体体积混淆）；模型维（子类型：未区分漂浮部分浸入与浸没）；方法维（子类型：阿基米德形式保留但V代错）；运算维（子类型：无）；审题维（子类型：漂浮二字未转化为V排条件）。主因在概念维。根因：习惯把V物代入F浮=ρ液gV，未建立V排不大于V物以及漂浮时F浮=G。弱项状态：仅依据给定7次，判为反复弱项。练习：漂浮、悬浮、沉底三态各3题，先画液面标出V排，再决定用阿基米德还是二力平衡。"
"高一_匀变速运算_06.jpg","高一","匀变速直线运动速度位移公式","v=10m/s，a=2m/s，由v=2ax直接得x=100m","x=v/(2a)=100/4=25m","计算失误","3","概念维（子类型：无，公式选用正确）；模型维（子类型：无，匀加速识别正确）；方法维（子类型：无）；运算维（子类型：公式变形后的除法错误，未除以2a）；审题维（子类型：无，数据抄写正确）。主因在运算维。根因：代数变形不稳，不是物理规律不会。弱项状态：仅依据给定3次，判为需关注，尚未形成稳定弱项。练习：同一公式正用、逆求各5题，必须先写出x=v/(2a)再代入，错题只重做运算链。"
"高一_连接体_07.jpg","高一","牛顿第二定律连接体","整体求出a=F/(m1+m2)后，认为绳的拉力T=F","求绳中拉力必须隔离，T=m2·a=m2F/(m1+m2)","方法用错","8","概念维（子类型：无，牛顿第二定律形式知道）；模型维（子类型：整体可以求加速度，但不能把内力当外力）；方法维（子类型：整体法与隔离法对象用错）；运算维（子类型：无，隔离后即可算对）；审题维（子类型：求绳拉力被当成求外力）。主因在方法维。根因：不清楚整体法只能求系统外力与加速度，内力必须隔离。弱项状态：仅依据给定8次，判为稳定弱项。练习：固定流程6题，第1问只许整体求a，第2问必须画隔离图再列T，并对比求外力与求绳中力的方法差异。"
"高一_动能定理_08.jpg","高一","动能定理","斜面下滑只写mgh=1/2mv，得v=√(2gh)","斜面粗糙，W合=mgh-μmgcosθ·s=1/2mv","读题失误","3","概念维（子类型：无，动能定理形式未错）；模型维（子类型：因漏读摩擦而建成光滑斜面）；方法维（子类型：伴随误用只有重力做功的关系）；运算维（子类型：无，错误模型下计算连贯）；审题维（子类型：遗漏粗糙或摩擦条件）。主因在审题维。根因：未提取所有做功的力，模型缺摩擦力后方法跟着选错。弱项状态：仅依据给定3次，判为需关注。练习：列式前先圈出每个力并判断做功正负；光滑与粗糙成对4组，只改一个条件重做。"
"高一_竖直面圆周_09.jpg","高一","竖直面圆周运动最高点","轻绳模型最高点一定是mg=mv/r，所以速度只能是√(gr)","√(gr)只是轻绳最高点临界速度；速度更大时T+mg=mv/r，绳拉力不为零","概念模糊","11","概念维（子类型：向心力误当成某一性质力，临界速度当成唯一速度）；模型维（子类型：未区分轻绳与轻杆）；方法维（子类型：只写mg=mv/r，未按合力列式）；运算维（子类型：无，开方本身正确）；审题维（子类型：轻绳和最高点读到了，但适用条件用窄了）。主因在概念维。根因：不理解向心力是合力的效果，把临界式误记成最高点普遍式。弱项状态：仅依据给定11次，判为稳定弱项。练习：绳模型与杆模型最高点受力对比4组，每组写明谁的合力提供向心力；再分临界与大于临界两类各算3题。"
"初中_密度换算_10.jpg","初中","密度及单位换算","ρ=200g/50cm=4g/cm=4kg/m","4g/cm=4×10kg/m=4000kg/m","计算失误","4","概念维（子类型：无，ρ=m/V正确）；模型维（子类型：无）；方法维（子类型：无，公式正确）；运算维（子类型：g/cm换到kg/m少乘10）；审题维（子类型：无，200g与50cm读对）。主因在运算维。根因：数值4会算，但不熟1g/cm=1000kg/m。弱项状态：仅依据给定4次，判为反复弱项。练习：g/cm、kg/m、g/mL互化20个短算，先写进率再换算；密度题要求两种单位同时写出以便自检。"
"高一_机械能守恒_11.jpg","高一","机械能守恒定律适用条件","滑块冲上粗糙斜面，仍用mgh=1/2mv0求上升高度","有摩擦力做功，机械能不守恒，应使用动能定理：1/2mv0=mgh+μmgcosθ·(h/sinθ)","方法用错","6","概念维（子类型：只有重力或弹力做功才守恒这一条件不牢）；模型维（子类型：把粗糙斜面当成只有保守力的模型）；方法维（子类型：未检验守恒条件就套机械能守恒）；运算维（子类型：无，错误方程内部计算无独立错误）；审题维（子类型：摩擦字样在题中，读到了但未用于选法，故非主因）。主因在方法维。根因：解题起点是套公式，而不是先判断哪些力做功。弱项状态：仅依据给定6次，判为反复弱项。练习：每题先填做功力清单和是否守恒，再选择动能定理或机械能守恒；粗糙与光滑对照5组，只有守恒组成立才允许写mgh=1/2mv。"
"初中_实际功率_12.jpg","初中","实际功率与额定功率","灯泡标有6V 3W，把接入电压看成6V，认为功率仍是3W","实际接入电压为4V，R=U额/P额=12Ω，P实=U实/R=4/3 W","读题失误","2","概念维（子类型：额定值与实际值易混，此处为伴随）；模型维（子类型：无，纯电阻模型可用）；方法维（子类型：无，若代入实际电压则公式正确）；运算维（子类型：无）；审题维（子类型：把实际接入电压4V看成额定电压6V）。主因在审题维。根因：额定参数与电路实际条件未分开标注，设问对象未回读。弱项状态：仅依据给定2次，判为需关注，不升为稳定弱项。练习：先圈“额定”和“实际接入”两组数据再计算，额定功率与实际功率对照6题，动笔前用一句话复述所求的是哪一个功率。"