学段,学习目标,薄弱点,平日每天可用分钟,周末每天可用分钟,高效学习时段,考试日期,学习计划内容
小学高段,提高数学应用题正确率,"审题时容易漏条件，单位换算和多步计算易错",40,70,晚饭后19:00-19:40,, "# 小学高段一周学习计划：数学应用题

## 输入依据
- 学段：小学高段。只排一周。
- 学习目标：提高数学应用题正确率。
- 薄弱点：审题漏条件，单位换算和多步计算易错。
- 平日40分钟，周末70分钟。高效学习时段：晚饭后19:00-19:40。
- 未填考试日期，不安排考前冲刺，不编造考试。

## 安排
- 平日任务放在19:00-19:40，不超过40分钟。
- 周末不超过70分钟；最需要专注的部分仍放在19:00-19:40，其余用当天其他空档，不另造高效时段。
- 第7天做每周复盘。不读取学习档案，不生成家长看板，不安排提醒。

## 每日计划
第1天（平日40分钟）：做3道一两步应用题，先圈已知、所求、单位再列式。完成标准：3题都写出已知和所求，单位统一后才计算，错题标出漏掉的条件。休息：15分钟后停1分钟。
第2天（平日40分钟）：单位换算4题，先写换算关系再算。完成标准：4题换算关系完整，错题重做1遍并注明错步。休息：做完2题活动1分钟。
第3天（平日40分钟）：多步应用题2道，分步列式。完成标准：每步有式子和单位，对照答案后能说出错步。休息：两题之间2分钟。
第4天（平日40分钟）：审题1道、单位换算1道、多步计算1道。完成标准：都先审题再动笔，至少对2题，错题有订正。休息：中途2分钟。
第5天（平日40分钟）：同类型3题限时25分钟，剩余时间订正。完成标准：超时题做标记，错题订正后能独立重做对。休息：限时后休息3分钟再订正。
第6天（周末70分钟）：综合4题，最后10分钟写易漏条件清单。完成标准：4题过程完整，清单至少3条且来自自己的错。休息：35分钟后5分钟。
第7天（周末70分钟）：重做本周错题，再做2道新题，并复盘。完成标准：错题重做全对，或明确仍不会的1个点；新题先审题后列式。休息：复盘前5分钟。每周复盘：统计做题数、错题数，错因只分漏条件、单位、跳步，下周只抓最多的一类。"
小学高段,"语文阅读概括更准确，作文能写清一件事","概括段意常偏题，作文缺少细节",45,80,早晨6:40-7:25,2026-06-20,"# 小学高段考前一周学习计划：语文阅读与作文

## 输入依据
- 学段：小学高段。只排一周。
- 学习目标：阅读概括更准确，作文能写清一件事。
- 薄弱点：概括段意偏题，作文缺少细节。
- 平日45分钟，周末80分钟。高效学习时段：早晨6:40-7:25。
- 考试日期：2026-06-20。本计划为考前7天（06-13至06-19）。考试日不排任务。

## 安排
- 平日核心任务放在6:40-7:25。周末80分钟超出该时段，先在此时段做概括或写作，其余不称为高效时段。
- 06-14做本周复盘。考前一天减量。不读取学习档案，不生成家长看板，不安排提醒。

## 每日计划
第1天（06-13周六，80分钟）：读1篇短文，每段用一句话写段意。完成标准：段意包含谁以及做了什么或说明什么，不抄整句凑数。休息：40分钟后5分钟。
第2天（06-14周日，80分钟）：把昨日段意收成不超过80字的全文大意，并列出《一件难忘的事》的时间、地点、人物和1个细节。完成标准：大意不跑题；细节能回答看到、听到或做到什么。休息：中途5分钟。每周复盘：标出仍偏题的段意，只保留这些句子明天改。
第3天（06-15周一，45分钟）：限时15分钟做段意题，剩余时间改写偏题句。完成标准：改写后能指出原句偏在哪里。休息：限时后2分钟。
第4天（06-16周二，45分钟）：只写150字片段，专写一个动作细节。完成标准：至少2个具体动作或感官细节，不写空话套话占满段落。休息：写完休息2分钟再改。
第5天（06-17周三，45分钟）：读1篇，先段意后全文概括。完成标准：全文概括含主要内容和结果。休息：中途2分钟。
第6天（06-18周四，45分钟）：按提纲写不少于350字短文，35分钟内完成，剩余改空话。完成标准：有开头、经过、结果；经过有1处细节；标出并改掉1处空泛句。休息：写完再改，中间不停笔超过计划。
第7天（06-19周五，只用30分钟）：回看段意错句和细节改句，不写新作文、不新开篇目。完成标准：能讲清2个概括方法和1个细节改法。休息：剩余15分钟可用时间休息。06-20考试日不排学习任务。"
小学高段,掌握本学期英语核心单词并能简单口头造句,"单词拼写不牢，不敢开口",30,60,,, "# 小学高段一周学习计划：英语单词与口头造句

## 输入依据
- 学段：小学高段。只排一周。
- 学习目标：掌握本学期英语核心单词并能简单口头造句。
- 薄弱点：拼写不牢，不敢开口。
- 平日30分钟，周末60分钟。
- 未填高效学习时段，计划不指定钟点。未填考试日期，不安排考前冲刺。

## 安排
- 第1至5天按平日30分钟，第6至7天按周末60分钟。
- 第7天复盘。不读取学习档案，不生成家长看板，不安排提醒。

## 每日计划
第1天（平日30分钟）：朗读并拼写已学核心词10个，中英互遮。完成标准：至少8个拼写正确，每个词口头说1个含主语和动词的简单句。休息：15分钟后1分钟。
第2天（平日30分钟）：重拼昨日错词，再处理8个词。完成标准：错词连续拼对2次才通过；新词有中文意思和1个例句。休息：中途1分钟。
第3天（平日30分钟）：听读单词10分钟后默写12个。完成标准：立即订正，错词另写1遍。休息：听读后1分钟再默写。
第4天（平日30分钟）：用5个词各造1句并朗读3遍。完成标准：5句都有主语和动词，能独立读完1遍。休息：造句和朗读之间1分钟。
第5天（平日30分钟）：默写15个词并口头说3句。完成标准：默写正确率达到80%，未达标词写入清单；3句完整说出。休息：默写后1分钟。
第6天（周末60分钟）：名词、动词各整理8个，串成4句小对话并说出。完成标准：分类正确，能脱离书本说完1遍。休息：30分钟后3分钟。
第7天（周末60分钟）：重默全周错词，再自报10个词听写，并复盘。完成标准：仍不会的词不超过3个。休息：30分钟后3分钟。每周复盘：只统计拼写错词和没敢说完的句子。"
初中,函数图像与几何证明达到阶段测验要求,"函数图像平移易混，证明书写跳步",60,120,晚上20:00-21:00,2026-06-18,"# 初中三十天学习计划：函数图像与几何证明

## 输入依据
- 学段：初中。排30天。
- 学习目标：函数图像与几何证明达到阶段测验要求。
- 薄弱点：图像平移易混，证明跳步。
- 平日60分钟，周末120分钟。高效学习时段：晚上20:00-21:00。
- 考试日期：2026-06-18。计划覆盖考前30天（05-19至06-17）。考试日不排任务。

## 安排
- 平日60分钟全部放在20:00-21:00。周末先在该时段做最难的60分钟，另60分钟不称为高效时段。
- 周日复盘。06-11起为考前阶段：不新增大方法。不读取学习档案，不生成家长看板，不安排提醒。

## 每日计划
第1天（05-19周二，60分钟）：一次函数图像2条，列表、描点、连线。完成标准：能说出k、b与升降、截距的对应。休息：30分钟后2分钟。
第2天（05-20周三，60分钟）：由图像写解析式4题。完成标准：先标点再列式，过程不跳步。休息：中途2分钟。
第3天（05-21周四，60分钟）：图像平移对比4组，只讨论左右、上下。完成标准：每组写出原式和移后式，并口头说明方向。休息：中途2分钟。
第4天（05-22周五，60分钟）：平移错例订正，再做3题。完成标准：错因只归为左右方向或上下方向。休息：中途2分钟。
第5天（05-23周六，120分钟）：平移综合6题，高效时段先做。完成标准：6题式子与图像一致，错题重做1遍。休息：60分钟后5分钟。
第6天（05-24周日，120分钟）：重做本周平移错题，整理方向口诀。完成标准：口诀不超过4句且能覆盖错题。休息：60分钟后5分钟。每周复盘：统计平移方向错了几题。
第7天（05-25周一，60分钟）：待定系数法3题。完成标准：方程组写全并代入检验。休息：中途2分钟。
第8天（05-26周二，60分钟）：正比例与一次函数对比4题。完成标准：能指出是否过原点。休息：中途2分钟。
第9天（05-27周三，60分钟）：看图回答增减性和交点4题。完成标准：先写依据再写结论。休息：中途2分钟。
第10天（05-28周四，60分钟）：函数应用题2道，设未知数。完成标准：有设、列、解、答，单位正确。休息：中途2分钟。
第11天（05-29周五，60分钟）：只订正本周计算错。完成标准：每道错题重写一遍完整过程。休息：中途2分钟。
第12天（05-30周六，120分钟）：函数小测40分钟加订正。完成标准：订正后能说明每题错在平移、计算还是审题。休息：测后5分钟。
第13天（05-31周日，120分钟）：错题再做，并写下仍混淆的1个平移类型。完成标准：该类型再做对2题。休息：60分钟后5分钟。每周复盘。
第14天（06-01周一，60分钟）：选1道几何证明，补全跳步。完成标准：每步有因为、所以，不出现无理由结论。休息：中途2分钟。
第15天（06-02周二，60分钟）：平行线证明2题，先标角。完成标准：图上标记与证明对应。休息：中途2分钟。
第16天（06-03周三，60分钟）：全等证明1题，按条件顺序写。完成标准：先列三个条件再写全等，再写对应边角。休息：中途2分钟。
第17天（06-04周四，60分钟）：把昨日证明缩写后的版本改回完整版。完成标准：被跳过的步骤全部补回。休息：中途2分钟。
第18天（06-05周五，60分钟）：新证明1题，限时独立写。完成标准：写完自查是否每步有理由。休息：写完休息3分钟再自查。
第19天（06-06周六，120分钟）：证明2题加函数平移3题。完成标准：两类都有订正。休息：60分钟后5分钟。
第20天（06-07周日，120分钟）：只复盘跳步，重写2份证明。完成标准：2份都能让别人只看文字看懂。休息：60分钟后5分钟。每周复盘。
第21天（06-08周一，60分钟）：函数与几何各1题。完成标准：函数先平移判断，几何不跳步。休息：中途2分钟。
第22天（06-09周二，60分钟）：自选最不稳的2题重做。完成标准：重做过程与答案一致。休息：中途2分钟。
第23天（06-10周三，60分钟）：写个人检查清单：平移方向、定义域或取值、证明理由。完成标准：每条对应自己的1道错题。休息：中途2分钟。
第24天（06-11周四，60分钟）：考前阶段。错题回炉4题，不新方法。完成标准：4题独立做对或标记仍不会。休息：中途2分钟。
第25天（06-12周五，60分钟）：限时40分钟做平移与证明混合题，剩余订正。完成标准：订正完成，不追加新卷。休息：限时后3分钟。
第26天（06-13周六，120分钟）：错题8道，只做已做过的。完成标准：仍不会不超过2道。休息：60分钟后5分钟。
第27天（06-14周日，120分钟）：公式和证明模板默写后对照。完成标准：漏写的补1遍。休息：60分钟后5分钟。每周复盘：考前只抓平移和跳步。
第28天（06-15周一，60分钟）：中档题4个，慢做。完成标准：过程完整优先于数量。休息：中途2分钟。
第29天（06-16周二，40分钟减量）：只看清单和错题标记。完成标准：能讲出3个自己的失分步骤。休息：剩余20分钟休息。
第30天（06-17周三，30分钟减量）：轻看清单，不计算新题。完成标准：清单过目1遍。休息：其余时间休息。06-18考试日不排任务。"
初中,英语时态和阅读长难句能独立分析,"时态混用，长句抓不住主干",50,90,早晨6:30-7:20,, "# 初中三十天学习计划：英语时态与长难句

## 输入依据
- 学段：初中。排30天。
- 学习目标：时态和阅读长难句能独立分析。
- 薄弱点：时态混用，长句抓不住主干。
- 平日50分钟，周末90分钟。高效学习时段：早晨6:30-7:20。
- 未填考试日期，不编造考试，不安排考前冲刺。

## 安排
- 不编造开始日期。第1至5、8至12、15至19、22至26天为平日50分钟；第6、7、13、14、20、21、27、28天为周末90分钟；第29、30天按平日。
- 平日任务放在6:30-7:20。周末另40分钟不指定钟点，也不称为高效时段。
- 第7、14、21、28天复盘。不读取学习档案，不生成家长看板，不安排提醒。

## 每日计划
第1天（平日50分钟）：一般现在时与现在进行时对比8句，先标时间标志。完成标准：8句时态选择有标志词依据。休息：25分钟后2分钟。
第2天（平日50分钟）：一般过去时与现在完成时对比8句。完成标准：能说出是否强调过去发生还是对现在的影响。休息：中途2分钟。
第3天（平日50分钟）：改正时态错句10句。完成标准：每句写出原错和改正理由。休息：中途2分钟。
第4天（平日50分钟）：用四个时态各写2句。完成标准：8句动词形式正确。休息：中途2分钟。
第5天（平日50分钟）：短文填空1篇，只填动词时态。完成标准：填完后能解释至少5个空。休息：中途2分钟。
第6天（周末90分钟）：时态小测20句加订正。完成标准：错句全部改对并归类。休息：45分钟后3分钟。
第7天（周末90分钟）：重做错句，整理个人易混时态表。完成标准：表中只列自己混用的对子。休息：45分钟后3分钟。每周复盘。
第8天（平日50分钟）：拆5个长句，只找主语和谓语。完成标准：5句都能划出主干，修饰成分用括号。休息：中途2分钟。
第9天（平日50分钟）：含定语从句的长句4个。完成标准：先找先行词再找从句动词。休息：中途2分钟。
第10天（平日50分钟）：含状语从句的长句4个。完成标准：能指出从句和主句。休息：中途2分钟。
第11天（平日50分钟）：把4个长句译成中文，只要求主干准确。完成标准：译文不漏主语和核心动作。休息：中途2分钟。
第12天（平日50分钟）：订正翻译，重划主干。完成标准：昨日错句当天改完。休息：中途2分钟。
第13天（周末90分钟）：长句8个限时分析。完成标准：每个句子有主干标记。休息：45分钟后3分钟。
第14天（周末90分钟）：只复习划错主干的句子。完成标准：能独立重划。休息：45分钟后3分钟。每周复盘。
第15天（平日50分钟）：阅读1篇，先划每段长句主干再做题。完成标准：题目答案能指回原句主干。休息：中途2分钟。
第16天（平日50分钟）：阅读1篇，限时20分钟，剩余分析错题句。完成标准：错题写出句子主干。休息：限时后2分钟。
第17天（平日50分钟）：时态选择10题。完成标准：正确至少8题，错题写标志词。休息：中途2分钟。
第18天（平日50分钟）：长句4个加时态填空5个。完成标准：两类都有订正。休息：中途2分钟。
第19天（平日50分钟）：用正确时态复述阅读大意5句。完成标准：5句动词形式可解释。休息：中途2分钟。
第20天（周末90分钟）：阅读2篇，只练长句和时态题。完成标准：每篇错题不超过订正后仍不会1题。休息：45分钟后3分钟。
第21天（周末90分钟）：错题分类为时态或主干。完成标准：两类各重做3题。休息：45分钟后3分钟。每周复盘。
第22天（平日50分钟）：混合练习1套小题。完成标准：做完即订正，不追加新篇。休息：中途2分钟。
第23天（平日50分钟）：重做第22天错题。完成标准：独立做对或留下具体疑问点。休息：中途2分钟。
第24天（平日50分钟）：自写8句，覆盖四个时态。完成标准：8句形式正确并朗读1遍。休息：中途2分钟。
第25天（平日50分钟）：拆自己写的长句，检查是否只有一个清楚主干。完成标准：改掉1句主干不清的句子。休息：中途2分钟。
第26天（平日50分钟）：短篇限时阅读1篇。完成标准：先主干后答题，错题当天订正。休息：限时后2分钟。
第27天（周末90分钟）：综合：时态20空加长句6个。完成标准：错因分类完成。休息：45分钟后3分钟。
第28天（周末90分钟）：重做错题并复盘。完成标准：写下仍混用的1组时态、仍抓不住的1种从句。休息：45分钟后3分钟。每周复盘。
第29天（平日50分钟）：只复习复盘中的那一组时态和那一种从句。完成标准：各完成4个例子。休息：中途2分钟。
第30天（平日50分钟）：小测后订正，不扩展新语法点。完成标准：错题有理由。休息：中途2分钟。"
初中,力学受力分析与简单计算过关,"受力图画不全，公式代错",40,80,"周末上午9:00-11:00，平日放学后",2026-05-28,"# 初中三十天学习计划：力学受力分析

## 输入依据
- 学段：初中。排30天。
- 学习目标：受力分析与简单计算过关。
- 薄弱点：受力图画不全，公式代错。
- 平日40分钟，周末80分钟。高效学习时段：周末上午9:00-11:00，平日放学后。未给平日具体钟点，不编造。
- 考试日期：2026-05-28。计划为04-28至05-27。考试日不排任务。

## 安排
- 平日放在放学后，不超过40分钟。周末80分钟放在9:00-11:00之内。
- 周日复盘。05-21起考前阶段，不新增大模型。不读取学习档案，不生成家长看板，不安排提醒。

## 每日计划
第1天（04-28周二，40分钟）：画3个物体的受力图，只画重力、支持力、已知拉力。完成标准：每个力有作用点和方向。休息：20分钟后1分钟。
第2天（04-29周三，40分钟）：补摩擦力有无判断3题。完成标准：先写相对运动趋势再决定是否画摩擦力。休息：中途1分钟。
第3天（04-30周四，40分钟）：对照答案改受力图3张。完成标准：漏画的力用另一种颜色补上并写名称。休息：中途1分钟。
第4天（05-01周五，40分钟）：受力图4张限时完成。完成标准：力的个数与标准答案一致，方向不错。休息：限时后2分钟。
第5天（05-02周六，80分钟）：受力图综合6张，含斜面1题。完成标准：斜面力沿垂直斜面和平行斜面检查1遍。休息：40分钟后3分钟。
第6天（05-03周日，80分钟）：重做漏力图，并复盘漏的是哪一种力。完成标准：漏力类型不超过2类。休息：40分钟后3分钟。每周复盘。
第7天（05-04周一，40分钟）：二力平衡2题，先受力图再列式。完成标准：等式两边物理量对应。休息：中途1分钟。
第8天（05-05周二，40分钟）：公式代换4题，先写原公式再代入。完成标准：代入前写单位，计算后检查单位。休息：中途1分钟。
第9天（05-06周三，40分钟）：专改代错数的题3道。完成标准：能指出代错的是质量、力还是距离。休息：中途1分钟。
第10天（05-07周四，40分钟）：速度、密度、压强中与受力相关的简单计算2题。完成标准：公式、代入、答案三步齐全。休息：中途1分钟。
第11天（05-08周五，40分钟）：计算错题重做。完成标准：独立重做过程与答案一致。休息：中途1分钟。
第12天（05-09周六，80分钟）：受力加计算4题。完成标准：没有图不开始计算。休息：40分钟后3分钟。
第13天（05-10周日，80分钟）：错题分类为图不全或代错。完成标准：两类各重做2题。休息：40分钟后3分钟。每周复盘。
第14天（05-11周一，40分钟）：连通器或浮力相关受力1题，只要求图画全。完成标准：浮力方向向上并标在图上。休息：中途1分钟。若该内容未学过，则改做已学平衡题，不新开未学模型。
第15天（05-12周二，40分钟）：已学模型计算2题。完成标准：先公式后数据。休息：中途1分钟。
第16天（05-13周三，40分钟）：口头讲1道题的受力顺序。完成标准：顺序为研究对象、力、方向、列式。休息：讲完再写，中间停1分钟。
第17天（05-14周四，40分钟）：书写2题完整过程。完成标准：与口头顺序一致。休息：中途1分钟。
第18天（05-15周五，40分钟）：限时20分钟做2题。完成标准：超时也先补图再补算。休息：限时后2分钟。
第19天（05-16周六，80分钟）：小综合5题。完成标准：每题有图有式。休息：40分钟后3分钟。
第20天（05-17周日，80分钟）：只订正图和代入。完成标准：订正后重做对。休息：40分钟后3分钟。每周复盘。
第21天（05-18周一，40分钟）：混合2题。完成标准：自查力和单位。休息：中途1分钟。
第22天（05-19周二，40分钟）：错题2道。完成标准：不看答案写出第一步。休息：中途1分钟。
第23天（05-20周三，40分钟）：写检查清单4条。完成标准：每条对应自己的错。休息：中途1分钟。
第24天（05-21周四，40分钟）：考前阶段，回炉错题3道，不新模型。完成标准：3道有完整图和式。休息：中途1分钟。
第25天（05-22周五，40分钟）：限时小练后订正。完成标准：不追加新题。休息：限时后2分钟。
第26天（05-23周六，80分钟）：错题6道。完成标准：仍不会不超过1道并写明卡点。休息：40分钟后3分钟。
第27天（05-24周日，80分钟）：默写常用公式并对照。完成标准：代错过的公式各代1组正确数据。休息：40分钟后3分钟。每周复盘。
第28天（05-25周一，40分钟）：中档题2道慢做。完成标准：图完整优先。休息：中途1分钟。
第29天（05-26周二，30分钟减量）：只看清单。完成标准：能讲出2个漏力和1个代错例子。休息：剩余10分钟休息。
第30天（05-27周三，20分钟减量）：轻看公式，不做新题。完成标准：公式过目1遍。休息：其余时间休息。05-28考试日不排任务。"
初中,文言文实词虚词与翻译基本准确,"实词望文生义，虚词用法混淆",45,90,晚间19:30-20:15,2026-06-12,"# 初中三十天学习计划：文言文实词虚词与翻译

## 输入依据
- 学段：初中。排30天。
- 学习目标：实词、虚词与翻译基本准确。
- 薄弱点：实词望文生义，虚词用法混淆。
- 平日45分钟，周末90分钟。高效学习时段：晚间19:30-20:15。
- 考试日期：2026-06-12。计划为05-13至06-11。考试日不排任务。

## 安排
- 平日45分钟放在19:30-20:15。周末另45分钟不称为高效时段。
- 周日复盘。06-05起考前阶段，不新增大篇未学课文。不读取学习档案，不生成家长看板，不安排提醒。

## 每日计划
第1天（05-13周三，45分钟）：从已学课文选8个实词，写课文义和现代常义。完成标准：每个词有例句，不凭现代义硬译。休息：中途2分钟。
第2天（05-14周四，45分钟）：再积累8个实词，重点一词多义。完成标准：多义词至少写两个义项。休息：中途2分钟。
第3天（05-15周五，45分钟）：默写16个实词义项。完成标准：错词当场订正并再写1遍。休息：中途2分钟。
第4天（05-16周六，90分钟）：实词20个分类复习。完成标准：错词清单不超过8个。休息：45分钟后3分钟。
第5天（05-17周日，90分钟）：只复习错词，并复盘哪些是望文生义。完成标准：每个错词写对一个课文例句。休息：45分钟后3分钟。每周复盘。
第6天（05-18周一，45分钟）：虚词之、其、而各4例。完成标准：每例标出用法，不用现代口语硬套。休息：中途2分钟。
第7天（05-19周二，45分钟）：虚词以、于、乃各4例。完成标准：用法标注完整。休息：中途2分钟。
第8天（05-20周三，45分钟）：对比易混虚词6组。完成标准：每组写1个区别。休息：中途2分钟。
第9天（05-21周四，45分钟）：虚词填空或选择题8个。完成标准：错题写用法名。休息：中途2分钟。
第10天（05-22周五，45分钟）：错题重做。完成标准：独立判断正确。休息：中途2分钟。
第11天（05-23周六，90分钟）：虚词综合12例。完成标准：正确率达到80%或留下未掌握清单。休息：45分钟后3分钟。
第12天（05-24周日，90分钟）：清单重做并复盘。完成标准：清单词再错不超过一半。休息：45分钟后3分钟。每周复盘。
第13天（05-25周一，45分钟）：翻译短句4句，先标实词再标虚词。完成标准：译文不漏主干。休息：中途2分钟。
第14天（05-26周二，45分钟）：翻译4句，专查望文生义。完成标准：每个关键词能回到课文义。休息：中途2分钟。
第15天（05-27周三，45分钟）：改译文4句。完成标准：改动处有理由。休息：中途2分钟。
第16天（05-28周四，45分钟）：断句加翻译1小段。完成标准：断句后能读通再翻译。休息：中途2分钟。
第17天（05-29周五，45分钟）：订正断句和翻译。完成标准：错处重写1遍。休息：中途2分钟。
第18天（05-30周六，90分钟）：翻译综合1段加实词8个。完成标准：段译完整，实词不全靠现代义。休息：45分钟后3分钟。
第19天（05-31周日，90分钟）：错译重做并复盘。完成标准：能指出2个曾望文生义的词。休息：45分钟后3分钟。每周复盘。
第20天（06-01周一，45分钟）：已学篇目关键句5句翻译。完成标准：关键字词翻译准确。休息：中途2分钟。
第21天（06-02周二，45分钟）：虚词回看10例。完成标准：用法名称说得出。休息：中途2分钟。
第22天（06-03周三，45分钟）：实词回看10个。完成标准：默写义项正确。休息：中途2分钟。
第23天（06-04周四，45分钟）：小段限时翻译。完成标准：时间到即停并订正。休息：限时后2分钟。
第24天（06-05周五，45分钟）：考前阶段，只回炉错词错句。完成标准：完成6个错点。休息：中途2分钟。
第25天（06-06周六，90分钟）：错词15个加错句4句。完成标准：仍不会的单独列出。休息：45分钟后3分钟。
第26天（06-07周日，90分钟）：清单清零尝试并复盘。完成标准：写下考前只抓的5个词。休息：45分钟后3分钟。每周复盘。
第27天（06-08周一，45分钟）：只看这5个词和2个虚词。完成标准：每个有例句。休息：中途2分钟。
第28天（06-09周二，45分钟）：翻译2句已做过的句子。完成标准：不看答案先写。休息：中途2分钟。
第29天（06-10周三，30分钟减量）：默写5个词的义项。完成标准：错的立即改正。休息：剩余15分钟休息。
第30天（06-11周四，20分钟减量）：轻看清单，不新开课文。完成标准：清单过目1遍。休息：其余时间休息。06-12考试日不排任务。"
高中,导数与圆锥曲线大题能按步骤得分,"计算易错，条件转化慢",90,180,晚自习19:00-21:30,2026-06-07,"# 高中三十天学习计划：导数与圆锥曲线

## 输入依据
- 学段：高中。排30天。
- 学习目标：导数与圆锥曲线大题能按步骤得分。
- 薄弱点：计算易错，条件转化慢。
- 平日90分钟，周末180分钟。高效学习时段：晚自习19:00-21:30。
- 考试日期：2026-06-07。计划为05-08至06-06。考试日不排任务。未提供06-08或其他考试日，不编造。

## 安排
- 平日90分钟放在晚自习时段内。周末该时段约150分钟，其余30分钟不称为高效时段。
- 周日复盘。05-31起考前阶段，不新增大方法。不读取学习档案，不生成家长看板，不安排提醒。

## 每日计划
第1天（05-08周五，90分钟）：导数定义与几何意义4题。完成标准：能写变化率表达式并解释斜率。休息：45分钟后3分钟。
第2天（05-09周六，180分钟）：乘除与复合求导12题。完成标准：错题连续重做对2次。休息：每40分钟5分钟。高效时段先做复合函数。
第3天（05-10周日，180分钟）：单调性6题，求导后列表。完成标准：每题有符号表和区间结论。休息：每40分钟5分钟。每周复盘：分开统计计算错和概念错。
第4天（05-11周一，90分钟）：极值与最值3题。完成标准：写出定义域、导数零点、端点比较。休息：中途3分钟。
第5天（05-12周二，90分钟）：含参讨论2题。完成标准：分类不重不漏。休息：中途3分钟。
第6天（05-13周三，90分钟）：昨日错题重做加1道同类题。完成标准：错题独立做对。休息：中途3分钟。
第7天（05-14周四，90分钟）：切线方程3题。完成标准：先点再斜率再点斜式。休息：中途3分钟。
第8天（05-15周五，90分钟）：1道大题按条件转化、求导、列式、检验四步写。完成标准：四步都出现。休息：中途3分钟。
第9天（05-16周六，180分钟）：2道导数大题，限时70分钟，其余订正。完成标准：计算错单独列表。休息：限时后10分钟。
第10天（05-17周日，180分钟）：错题按计算、分类讨论、定义域三栏重做。完成标准：每栏重做1题。休息：每40分钟5分钟。每周复盘。
第11天（05-18周一，90分钟）：椭圆定义与标准方程4题。完成标准：a、b、c关系写对并完成1个焦点计算。休息：中途3分钟。
第12天（05-19周二，90分钟）：双曲线、抛物线对比表加各2题。完成标准：表含定义、方程、焦点。休息：中途3分钟。
第13天（05-20周三，90分钟）：直线与椭圆联立求弦长1题。完成标准：联立、韦达、弦长不跳步。休息：中途3分钟。
第14天（05-21周四，90分钟）：中点弦1题。完成标准：写出使用条件再点差。休息：中途3分钟。
第15天（05-22周五，90分钟）：焦点弦与离心率小题6个。完成标准：公式先写再代，结果检查1次。休息：中途3分钟。
第16天（05-23周六，180分钟）：圆锥曲线大题1道，记录卡点。完成标准：卡点写成一句话，订正后能重述。休息：每40分钟5分钟。
第17天（05-24周日，180分钟）：同类大题限时50分钟。完成标准：未完成处标出卡在转化还是计算。休息：每40分钟5分钟。每周复盘。
第18天（05-25周一，90分钟）：把联立方程重算2遍。完成标准：两遍一致或找到差异点。休息：中途3分钟。
第19天（05-26周二，90分钟）：抛物线焦点与准线3题。完成标准：先在图上标再算。休息：中途3分钟。
第20天（05-27周三，90分钟）：离心率与渐近线小题6个。完成标准：至少5个正确，错题写错因。休息：中途3分钟。
第21天（05-28周四，90分钟）：导数、圆锥各1个中档题。完成标准：都有完整步骤。休息：中途3分钟。
第22天（05-29周五，90分钟）：最不稳的1题重做，写5条检查清单。完成标准：清单来自自己的错。休息：中途3分钟。
第23天（05-30周六，180分钟）：限时综合，额外30分钟只订正。完成标准：错因分为计算或条件转化。休息：每45分钟5分钟。
第24天（05-31周日，180分钟）：考前阶段，只回炉8道错题。完成标准：仍不会不超过2道。休息：每40分钟5分钟。每周复盘：考前只抓计算和条件转化。
第25天（06-01周一，90分钟）：导数错题4道。完成标准：四步写全，不跳步。休息：中途3分钟。
第26天（06-02周二，90分钟）：圆锥错题2道。完成标准：联立与韦达完整。休息：中途3分钟。
第27天（06-03周三，90分钟）：默写导数法则和圆锥曲线要素。完成标准：漏项补写1遍。休息：中途3分钟。
第28天（06-04周四，90分钟）：40分钟中档小题6个，剩余订正。完成标准：不追加新卷。休息：限时后5分钟。
第29天（06-05周五，60分钟减量）：只看错题和公式。完成标准：讲出3个失分步骤。休息：剩余30分钟休息。
第30天（06-06周六，60分钟减量）：轻看清单，不做新题。完成标准：清单过目1遍。休息：其余可用时间休息。06-07考试日不排任务。"
高中,英语阅读速度与写作论证更清楚,"词汇反应慢，作文模板生硬",70,150,早晨6:20-7:30,2026-06-07,"# 高中三十天学习计划：英语阅读与写作

## 输入依据
- 学段：高中。排30天。
- 学习目标：阅读速度与写作论证更清楚。
- 薄弱点：词汇反应慢，作文模板生硬。
- 平日70分钟，周末150分钟。高效学习时段：早晨6:20-7:30。
- 考试日期：2026-06-07。计划为05-08至06-06。考试日不排任务。

## 安排
- 平日70分钟与早晨时段基本一致，放在6:20-7:30。周末另80分钟不称为高效时段。
- 周日复盘。05-31起考前阶段，不追求新模板，改为改自己的论证。不读取学习档案，不生成家长看板，不安排提醒。

## 每日计划
第1天（05-08周五，70分钟）：从已读文章抽20个慢词，写词义和1个搭配。完成标准：20个能看着中文说出英文。休息：35分钟后2分钟。
第2天（05-09周六，150分钟）：慢词复现加阅读1篇计时。完成标准：记录用时和错题对应句。休息：每40分钟5分钟。
第3天（05-10周日，150分钟）：错词听写，阅读错题重做。完成标准：错词再错不超过5个。休息：每40分钟5分钟。每周复盘。
第4天（05-11周一，70分钟）：阅读1篇，先划每段关键词再答题。完成标准：每题能指回句子。休息：中途2分钟。
第5天（05-12周二，70分钟）：限时阅读1篇。完成标准：到时即停，错题分析词汇还是定位。休息：限时后3分钟。
第6天（05-13周三，70分钟）：只整理慢词15个。完成标准：每个词有例句，不抄长段。休息：中途2分钟。
第7天（05-14周四，70分钟）：用15个词做快速反应，中英互说。完成标准：卡壳词单独列出。休息：中途2分钟。
第8天（05-15周五，70分钟）：阅读1篇加卡壳词复习。完成标准：阅读错题当天订正。休息：中途2分钟。
第9天（05-16周六，150分钟）：阅读2篇限时。完成标准：记录每篇用时，错题回原句。休息：每40分钟5分钟。
第10天（05-17周日，150分钟）：慢词总复习并复盘。完成标准：写下仍慢的10个词。休息：每40分钟5分钟。每周复盘。
第11天（05-18周一，70分钟）：看1篇自己的旧作文，删掉空泛模板句。完成标准：至少改2句为具体理由。休息：中途2分钟。
第12天（05-19周二，70分钟）：列一个观点的2个理由和各1个例子，不写全文。完成标准：例子具体，不只有口号。休息：中途2分钟。
第13天（05-20周三，70分钟）：把提纲写成120词左右段落。完成标准：每段有主题句和例证。休息：中途2分钟。
第14天（05-21周四，70分钟）：修改昨日段落的生硬连接词。完成标准：连接词与逻辑一致。休息：中途2分钟。
第15天（05-22周五，70分钟）：限时20分钟写一个论证段。完成标准：有观点、理由、例子。休息：写完3分钟再改。
第16天（05-23周六，150分钟）：完整作文1篇，先提纲10分钟。完成标准：正文不照搬固定模板，至少2处自己的例子。休息：每40分钟5分钟。
第17天（05-24周日，150分钟）：改作文并复盘哪些句子仍然生硬。完成标准：生硬句改完。休息：每40分钟5分钟。每周复盘。
第18天（05-25周一，70分钟）：阅读1篇，积累5个可复用但非套话的表达。完成标准：每个表达知道使用场合。休息：中途2分钟。
第19天（05-26周二，70分钟）：用其中3个表达改写自己的句子。完成标准：改写后意思不变且更具体。休息：中途2分钟。
第20天（05-27周三，70分钟）：慢词10个加阅读小题。完成标准：词汇反应后再做题。休息：中途2分钟。
第21天（05-28周四，70分钟）：论证结构自查1篇。完成标准：标出论点、理由、例子、结论。休息：中途2分钟。
第22天（05-29周五，70分钟）：缺例子的段落补例。完成标准：补的例子能支撑理由。休息：中途2分钟。
第23天（05-30周六，150分钟）：阅读2篇加写作提纲1份。完成标准：阅读有用时记录，提纲完整。休息：每40分钟5分钟。
第24天（05-31周日，150分钟）：考前阶段，错词和旧作文回改，不找新模板。完成标准：列出考前10个词和3个要避免的空话。休息：每40分钟5分钟。每周复盘。
第25天（06-01周一，70分钟）：只复习这10个词并阅读1篇。完成标准：错题回原句。休息：中途2分钟。
第26天（06-02周二，70分钟）：限时阅读1篇。完成标准：记录用时，不追加第二篇。休息：限时后3分钟。
第27天（06-03周三，70分钟）：改1段论证，去掉模板句。完成标准：改后有具体理由。休息：中途2分钟。
第28天（06-04周四，70分钟）：短写作25分钟。完成标准：结构完整即可，不追求词藻。休息：写后3分钟。
第29天（06-05周五，50分钟减量）：看10个词和3个空话。完成标准：能口头替换1个空话。休息：剩余20分钟休息。
第30天（06-06周六，40分钟减量）：轻看词汇清单，不写新作文。完成标准：清单过目1遍。休息：其余时间休息。06-07考试日不排任务。"
高中,电磁学模型识别与计算稳定,"模型判断犹豫，图像信息提取不全",60,120,下午16:30-18:00,, "# 高中三十天学习计划：电磁学模型与计算

## 输入依据
- 学段：高中。排30天。
- 学习目标：电磁学模型识别与计算稳定。
- 薄弱点：模型判断犹豫，图像信息提取不全。
- 平日60分钟，周末120分钟。高效学习时段：下午16:30-18:00。
- 未填考试日期，不编造考试，不安排考前冲刺。

## 安排
- 不编造开始日期。第1至5、8至12、15至19、22至26天平日60分钟，放在16:30-18:00内。第6、7、13、14、20、21、27、28天周末120分钟，其中90分钟可放在该时段，另30分钟不称为高效时段。第29、30天按平日。
- 第7、14、21、28天复盘。不读取学习档案，不生成家长看板，不安排提醒。

## 每日计划
第1天（平日60分钟）：电场力与运动初步模型3题，先说模型名再计算。完成标准：每题写出所用模型。休息：30分钟后2分钟。
第2天（平日60分钟）：从图像读电场强度或电势信息4题。完成标准：先标坐标含义再取点。休息：中途2分钟。
第3天（平日60分钟）：订正读图错题。完成标准：写明漏读的是斜率、截距还是面积。休息：中途2分钟。
第4天（平日60分钟）：磁场中圆周运动模型2题。完成标准：先画轨迹再写半径公式。休息：中途2分钟。
第5天（平日60分钟）：判断带电粒子在电场或磁场中的模型4题，先不计算。完成标准：判断有依据。休息：中途2分钟。
第6天（周末120分钟）：模型判断8题加2题计算。完成标准：判断错的重做。休息：60分钟后5分钟。
第7天（周末120分钟）：整理犹豫过的模型并复盘。完成标准：每个模型有1个识别特征。休息：60分钟后5分钟。每周复盘。
第8天（平日60分钟）：电磁感应导体棒模型1题。完成标准：先等效电路再写电动势。休息：中途2分钟。
第9天（平日60分钟）：图像给出磁通量或电流，提取信息3题。完成标准：能说出图像每一段对应的过程。休息：中途2分钟。
第10天（平日60分钟）：计算1题，代入前检查方向和正负。完成标准：过程不跳步。休息：中途2分钟。
第11天（平日60分钟）：错题重算。完成标准：两遍结果一致。休息：中途2分钟。
第12天（平日60分钟）：模型对比：电场偏转与磁场偏转。完成标准：写出2个区别。休息：中途2分钟。
第13天（周末120分钟）：综合4题，先模型后计算。完成标准：每题有模型名和图像信息摘记。休息：60分钟后5分钟。
第14天（周末120分钟）：只复习判断犹豫的题。完成标准：能在1分钟内说出模型。休息：60分钟后5分钟。每周复盘。
第15天（平日60分钟）：交流电或已学电磁图像1题。完成标准：若该内容未学则改做已学读图题，不新开未学模型。休息：中途2分钟。
第16天（平日60分钟）：读图4题。完成标准：关键点坐标写全。休息：中途2分钟。
第17天（平日60分钟）：计算2题慢做。完成标准：单位检查1次。休息：中途2分钟。
第18天（平日60分钟）：错题订正。完成标准：错因分为模型或读图。休息：中途2分钟。
第19天（平日60分钟）：口头讲1题识别过程。完成标准：顺序为读图、受力和运动、选公式。休息：中途2分钟。
第20天（周末120分钟）：限时60分钟做3题，其余订正。完成标准：未完成标出卡点。休息：限时后5分钟。
第21天（周末120分钟）：卡点重做并复盘。完成标准：写下仍犹豫的1个模型。休息：60分钟后5分钟。每周复盘。
第22天（平日60分钟）：针对该模型做2题。完成标准：识别正确后再算。休息：中途2分钟。
第23天（平日60分钟）：读图错题2道。完成标准：补全漏掉的图像信息。休息：中途2分钟。
第24天（平日60分钟）：混合2题。完成标准：有模型名和计算过程。休息：中途2分钟。
第25天（平日60分钟）：自写检查清单。完成标准：含模型和读图两类，且来自自己的错。休息：中途2分钟。
第26天（平日60分钟）：按清单重做1题。完成标准：清单项都检查到。休息：中途2分钟。
第27天（周末120分钟）：综合卷式小题加1道大题，不新模型。完成标准：订正完成。休息：60分钟后5分钟。
第28天（周末120分钟）：错题重做并复盘。完成标准：仍不稳的点不超过2个。休息：60分钟后5分钟。每周复盘。
第29天（平日60分钟）：只练这2个点。完成标准：各完成1题。休息：中途2分钟。
第30天（平日60分钟）：小测后订正。完成标准：错题有模型或读图错因。休息：中途2分钟。"
高中,化学平衡计算与有机推断减少失分,"平衡移动判断不稳，有机官能团转化易漏",55,110,晚上20:00-21:00,2026-05-20,"# 高中三十天学习计划：化学平衡与有机推断

## 输入依据
- 学段：高中。排30天。
- 学习目标：平衡计算与有机推断减少失分。
- 薄弱点：平衡移动判断不稳，官能团转化易漏。
- 平日55分钟，周末110分钟。高效学习时段：晚上20:00-21:00。
- 考试日期：2026-05-20。计划为04-20至05-19。考试日不排任务。

## 安排
- 平日55分钟放在20:00-21:00。周末另约50分钟不称为高效时段。
- 周日复盘。05-13起考前阶段，不新增大反应类型。不读取学习档案，不生成家长看板，不安排提醒。

## 每日计划
第1天（04-20周一，55分钟）：平衡移动判断6题，先写改变的条件。完成标准：每题写出浓度、温度或压强依据。休息：中途2分钟。
第2天（04-21周二，55分钟）：等效平衡概念对比4题。完成标准：能说出比较的基准。休息：中途2分钟。
第3天（04-22周三，55分钟）：转化率计算2题。完成标准：三段式写全再代公式。休息：中途2分钟。
第4天（04-23周四，55分钟）：平衡常数计算2题。完成标准：先写表达式再代入。休息：中途2分钟。
第5天（04-24周五，55分钟）：错题重做。完成标准：判断题写依据，计算题不跳步。休息：中途2分钟。
第6天（04-25周六，110分钟）：平衡综合6题。完成标准：错题归为移动判断或计算。休息：55分钟后4分钟。
第7天（04-26周日，110分钟）：错题重做并复盘。完成标准：仍不稳的条件不超过2类。休息：55分钟后4分钟。每周复盘。
第8天（04-27周一，55分钟）：图像题3个，读平衡曲线。完成标准：先读横纵轴再判断。休息：中途2分钟。
第9天（04-28周二，55分钟）：浓度商与平衡常数比较3题。完成标准：写出Qc和K的大小关系。休息：中途2分钟。
第10天（04-29周三，55分钟）：计算2题慢做。完成标准：单位和系数检查1次。休息：中途2分钟。
第11天（04-30周四，55分钟）：订正计算。完成标准：重算一致。休息：中途2分钟。
第12天（05-01周五，55分钟）：移动判断回炉8题。完成标准：依据写在题旁。休息：中途2分钟。
第13天（05-02周六，110分钟）：平衡小测加订正。完成标准：不追加未学模型。休息：55分钟后4分钟。
第14天（05-03周日，110分钟）：错题分类复盘。完成标准：每类重做1题。休息：55分钟后4分钟。每周复盘。
第15天（05-04周一，55分钟）：有机官能团识别8个。完成标准：每个写出可发生的1个已学反应。休息：中途2分钟。
第16天（05-05周二，55分钟）：转化路线1条，逐步写试剂和条件。完成标准：不漏步骤。休息：中途2分钟。
第17天（05-06周三，55分钟）：改漏写的转化。完成标准：漏掉的官能团变化用颜色标出。休息：中途2分钟。
第18天（05-07周四，55分钟）：同分异构或结构简式2题，限于已学范围。完成标准：检查官能团是否遗漏。休息：中途2分钟。
第19天（05-08周五，55分钟）：推断题1道，先找特征反应。完成标准：每步有依据。休息：中途2分钟。
第20天（05-09周六，110分钟）：推断2道加平衡2题。完成标准：两类都订正。休息：55分钟后4分钟。
第21天（05-10周日，110分钟）：只看漏掉的转化并复盘。完成标准：整理易漏官能团清单。休息：55分钟后4分钟。每周复盘。
第22天（05-11周一，55分钟）：按清单补2条转化。完成标准：条件写全。休息：中途2分钟。
第23天（05-12周二，55分钟）：平衡与有机各1题。完成标准：过程完整。休息：中途2分钟。
第24天（05-13周三，55分钟）：考前阶段，错题回炉，不新反应类型。完成标准：完成4个错点。休息：中途2分钟。
第25天（05-14周四，55分钟）：平衡判断6题。完成标准：依据完整。休息：中途2分钟。
第26天（05-15周五，55分钟）：有机错路线重写。完成标准：不漏官能团变化。休息：中途2分钟。
第27天（05-16周六，110分钟）：综合错题8个。完成标准：仍不会不超过2个。休息：55分钟后4分钟。
第28天（05-17周日，110分钟）：默写清单并复盘。完成标准：平衡依据和易漏转化各过1遍。休息：55分钟后4分钟。每周复盘。
第29天（05-18周一，40分钟减量）：只看清单做2个小题。完成标准：小题来自错题。休息：剩余15分钟休息。
第30天（05-19周二，25分钟减量）：轻看清单，不做新题。完成标准：清单过目1遍。休息：其余时间休息。05-20考试日不排任务。"
小学高段,科学观察记录完整并能复述实验步骤,记录只写结论不写现象,35,65,周末上午,, "# 小学高段一周学习计划：科学观察记录

## 输入依据
- 学段：小学高段。只排一周。
- 学习目标：观察记录完整，实验步骤能复述。
- 薄弱点：记录只写结论不写现象。
- 平日35分钟，周末65分钟。高效学习时段只填写了周末上午，平日不编造钟点。
- 未填考试日期，不安排考前冲刺。

## 安排
- 第1至5天35分钟，不指定钟点。第6至7天65分钟，放在周末上午。
- 第7天复盘。不读取学习档案，不生成家长看板，不安排提醒。
- 不新造危险实验。只整理已做过或课本中的观察活动。

## 每日计划
第1天（平日35分钟）：选1个已做观察，把记录分成现象和结论两栏重写。完成标准：现象栏有看到或测量到的内容，不只写一句结论。休息：15分钟后1分钟。
第2天（平日35分钟）：给同一记录补上时间和顺序。完成标准：至少3步按先后排列。休息：中途1分钟。
第3天（平日35分钟）：口头复述该实验步骤，再说现象。完成标准：不看稿能说出步骤和1个现象。休息：复述前1分钟。
第4天（平日35分钟）：换1个课本实验，写步骤提纲。完成标准：提纲含材料和先后，不写未做过的危险操作。休息：中途1分钟。
第5天（平日35分钟）：为这个提纲补现象栏示例。完成标准：现象与结论分开。休息：中途1分钟。
第6天（周末上午65分钟）：完整整理2份记录。完成标准：每份都有步骤、现象、结论。休息：30分钟后3分钟。
第7天（周末上午65分钟）：复述2个实验并复盘。完成标准：能指出自己以前只写结论的1处，并改成现象句。休息：30分钟后3分钟。每周复盘：只检查记录是否把现象和结论分开。"