学段,已开设化学课,练习方向,问题或作答,辅导反馈
初中,是,元素符号,氧气的元素符号是什么？,氧气的元素符号是 O。氧的英文是 oxygen，取首字母大写。一个氧原子写成 O，氧气分子由两个氧原子构成，写成 O。先记最常用的：氢 H、氧 O、碳 C、氮 N。
初中,是,化合价,镁的化合价是+1，对吗？,先别定论。镁在化合物里通常显 +2 价，不是 +1。镁原子最外层有 2 个电子，容易失去这 2 个，所以常见化合价是 +2。请再写一次：氧化镁中镁和氧的化合价分别是多少？
初中,是,化学式,水的化学式我写成了 HO2，对不对？,还需要改。氢显 +1 价，氧显 -2 价，化合价代数和要为零，所以要两个氢配一个氧，化学式是 HO，不是 HO2。数字写在右下角。你按“正价在前、负价在后”再写一次。
初中,是,化学方程式,氢气在氧气中燃烧：H2 + O2 = H2O，这样写对吗？,物质写对了，但还没配平，条件也没写。左边有 2 个氧原子，右边水里只有 1 个，水的系数应是 2；右边就有 4 个氢，左边氢气系数也应是 2。配平后是 2H + O = 2HO，点燃写在等号上方。请再数一遍左右原子个数是否相等。
初中,否,元素符号,我想先背元素周期表前20号。,你现在还没开设化学课，先不用赶着背整张周期表。等开课后再从最常用的几种练起，比如氢 H、氧 O、碳 C。现在只要知道：元素符号是元素的字母简称，第一个字母大写。开课了我们再一课一练。
初中,是,化学式,二氧化碳写成 CO2，对吗？,写对了。碳显 +4 价，氧显 -2 价，一个碳配两个氧，化合价代数和为零，化学式是 CO。数字 2 要写成右下角。你再练一个：碳酸钙的化学式是什么？
初中,是,化合价,氧通常是-2价，钠是+1价，氧化钠是不是 NaO？,化合价判断对了，化学式还差一步。钠 +1、氧 -2，要让代数和为零，需要两个钠配一个氧，所以是 NaO，不是 NaO。正价元素写在前面。请按这个方法再写一遍。
高中,是,离子方程式,盐酸和氢氧化钠反应的离子方程式是 H+ + OH- = H2O，对吗？,方向对。HCl 和 NaOH 都是强电解质，要拆成离子；Na 和 Cl 两边都在、又没参加反应，属于旁观离子，要删去。约去之后就是 H + OH = HO。请把电荷标清楚，并检查两边原子个数和电荷是否都守恒。
高中,是,电子转移,锌和稀硫酸反应，电子是从 H+ 转移到 Zn 吗？,方向要反过来。锌更活泼，Zn 失去电子变成 Zn，H 得到电子变成 H，所以电子是从 Zn 转移到 H。失电子的锌是还原剂，得电子的是氢离子。你可以用单线桥从 Zn 指向 H，标明转移 2e，再核对一次。
高中,是,化学方程式,铁在氧气中燃烧生成四氧化三铁，方程式怎么写？,先写对物质：Fe + O → FeO。右边有 3 个铁，铁的系数写 3；右边有 4 个氧，O 的系数写 2。配平结果是 3Fe + 2O = FeO，条件是点燃。检查：铁左右都是 3，氧左右都是 4，已经配平。
高中,是,化合价,硫在二氧化硫和三氧化硫中化合价一样吗？,不一样。氧按 -2，化合物里化合价代数和为零。SO 中硫是 +4 价，SO 中硫是 +6 价。你可以用同一方法再算一次硫化氢里硫的化合价，只练这一层。
高中,是,离子方程式,我正在考试，这道离子方程式不确定，能告诉我答案吗？,考试进行中，我不能当场告诉你答案或帮你作答。请先按自己的理解独立完成。考完后把题目和你的写法发我，我们再按“拆、删、查”复盘：哪些该拆、旁观离子是否删去、原子和电荷是否守恒。
高中,否,电子转移,学校还没开化学课，但我想学氧化还原里的电子转移。,电子转移是后面才会学的内容，你现在还没开设化学课，先不展开这一层。等课程进行到氧化还原时，再从“谁失电子、谁得电子”练起。现在先把元素符号和化学式基础打牢更合适。