学科,复习类型,复习范围,课标与章节关系,班级学情,考试日期,可用课时,复习计划
数学,期末复习,"七年级上册第1–4章：有理数、整式的加减、一元一次方程、几何图形初步","对应义务教育数学课程标准“数与代数”“图形与几何”。有理数运算是整式与方程的基础；一元一次方程落实模型观念；几何图形初步对应空间观念与推理意识的起步要求。","运算去括号、移项和符号处理不稳定；几何语言与作图步骤不规范。各章得分率、错题频次与分层名单待补充，此处不估测。",2026-01-16,12,"## 复习目标
在12课时内完成四章结构化回顾，优先巩固运算与方程建模，并补齐几何基本语言。不设定提分目标。

## 四层知识图谱
- 核心概念：有理数、整式、等式性质、点线面体。
- 原理关系：运算律支撑去括号与合并同类项；等式性质支撑解方程；图形位置关系支撑简单推理。
- 方法技能：有理数混合运算、整式化简、方程建模与检验、尺规或工具作图规范表达。
- 综合应用：行程、工程等实际问题列方程；由图形语言转为符号语言。

## 重难点
重点：有理数运算、一元一次方程解法与检验。难点：含多重符号的去括号、实际问题找等量关系、几何语句的严谨表述。

## 分阶段课时
- 诊断与补基础（2课时）：运算与概念回看。
- 分章精练（6课时）：每章约1–2课时，方程单独2课时。
- 综合与纠错（3课时）：跨章小题、错题重做。
- 回归与限时适应（1课时）：只练已学范围，不新增题型。

## 活动
每课时前5分钟主动回忆公式与步骤；课后错题按“错因—重做—变式”重做，变式仅换数据不换方法。

## 考前策略
先稳基础题再处理综合题；演算分步书写；不会的题先标记后返回。睡眠与答题顺序属于学习策略，不承诺成绩变化。

## 待补充
各章得分率、高频错题清单、分层学生名单、考试题型比例。"
语文,期中复习,"七年级上册第一至三单元：记叙文阅读、古诗四首、写作“写人记事”","课标“阅读与鉴赏”“表达与交流”。单元课文落实语言建构与审美；古诗强调诵读、意象与情感；写作对应生活情境中的表达。","朗读与字词掌握较好，但概括段意、分析人物形象证据不足；作文详略不当。阅读得分率与作文等第分布待补充。",2026-11-12,8,"## 复习目标
用8课时回看三个单元的字词、阅读方法和写人记事，形成可迁移的答题路径。

## 四层知识图谱
- 核心概念：记叙要素、描写方法、意象、中心。
- 原理关系：词句理解服务于内容把握与情感体会；材料选择服务于中心表达。
- 方法技能：圈点批注、用原文依据概括、古诗翻译与背诵、列提纲写作。
- 综合应用：课内阅读迁移到同类记叙文；把阅读中的细节写法用于作文。

## 重难点
重点：课内字词与古诗背诵、信息概括。难点：结合语境赏析词句、人物形象多角度分析。

## 分阶段课时
- 字词与背诵回看（2课时）。
- 阅读方法（3课时）：概括、词句、人物。
- 写作（2课时）：审题、提纲、详略。
- 综合小测与讲评（1课时）。

## 活动
主动回忆：合上书复述课文脉络；错题重做：只重做“依据不足”类阅读题，要求先标原文再作答。

## 考前策略
阅读先读题再读文；赏析题必须引用词句；作文先写提纲再动笔。具体得分数据待补充，不预估提分。

## 待补充
课内默写错误清单、阅读失分点统计、作文常见问题样例。"
英语,单元复习,"八年级上册Unit 3 I’m more outgoing than my sister","课标“人与自我”“人与社会”主题下的人物比较与人际交往；本单元语法为形容词、副词比较级，词汇与听说读写活动均服务于比较与建议表达。","比较级构成记忆不牢，than前后比较对象不一致；口语愿意说但句式单一。单元测得分率待补充。",2026-10-20,4,"## 复习目标
4课时内打通本单元词汇、比较级规则和读说写任务，纠正比较对象不一致的问题。

## 四层知识图谱
- 核心概念：性格与外貌词汇、比较级、both/as...as。
- 原理关系：词形变化规则决定句子正确性；比较必须有明确对象。
- 方法技能：规则与不规则变化、听关键词、用比较句描述人物、写短文。
- 综合应用：用比较级介绍朋友差异并给出相处建议。

## 重难点
重点：比较级构成与句型。难点：多音节词、不规则变化、比较对象省略导致的病句。

## 分阶段课时
- 词汇与规则（1课时）。
- 听说与句型（1课时）。
- 阅读与写作（1课时）。
- 错题重做与综合任务（1课时）。

## 活动
主动回忆：不看笔记默写变化规则；错题重做：每道错句先标比较对象再改写。

## 考前策略
先查拼写和than结构，再追求表达丰富；听力先看题干。不根据感觉填写得分率。

## 待补充
词汇默写错误率、听力各题型得分、作文典型病句。"
物理,考前冲刺,"八年级上册：机械运动、声现象、物态变化、光现象、透镜及其应用、质量与密度","课标“物质”“运动和相互作用”“能量”中的对应内容。运动与声、光落实科学探究；物态变化与密度强调证据和测量。","实验操作步骤能记住，但控制变量表述和单位换算易错；作图规范性不足。历次实验题与计算题得分率待补充。",2026-01-10,6,"## 复习目标
6课时做考前结构化回看，聚焦测量、作图、探究表述和基础计算，不扩展竞赛内容。

## 四层知识图谱
- 核心概念：速度、音调响度、熔点沸点、反射折射、焦距、密度。
- 原理关系：公式由定义而来；图像与实验现象相互印证。
- 方法技能：单位换算、控制变量、光路作图、密度测量与计算。
- 综合应用：用多个概念解释生活现象，并完整书写探究结论。

## 重难点
重点：基本公式与实验结论。难点：光路作图、密度综合计算、科学表述“控制什么、改变什么、观察什么”。

## 分阶段课时
- 概念网络与公式（2课时）。
- 实验与作图（2课时）。
- 限时基础卷与错题重做（2课时）。

## 活动
主动回忆：盖住公式默写及适用条件；错题重做：计算题重做全过程，实验题重写变量表述。

## 考前策略
先做选择填空中的基础题，计算题写已知、公式、代入、单位；实验题按器材—步骤—数据—结论作答。不承诺分数提升。

## 待补充
实验操作扣分点、计算失分分布、考试说明中的题型分值。"
化学,期末复习,"九年级上册：走进化学世界、空气、水、物质构成的奥秘、化学方程式","课标“科学探究与化学实验”“物质的性质与应用”“物质的组成与结构”。宏观辨识与微观探析、变化观念贯穿各章；化学方程式是定量关系的起点。","元素符号和化学式书写错误较多；实验基本操作能说出但顺序易颠倒。方程式配平正确率待补充。",2026-01-18,10,"## 复习目标
用10课时建立“物质—变化—符号—定量”的复习路径，优先消灭符号与实验安全类错误。

## 四层知识图谱
- 核心概念：纯净物与混合物、元素、原子分子、质量守恒定律。
- 原理关系：微观粒子解释宏观性质与变化；守恒支撑方程式配平。
- 方法技能：药品取用与加热、化学式书写、配平、简单计算。
- 综合应用：用实验现象判断变化类型，并完成基础计算。

## 重难点
重点：基本概念辨析、化学式与方程式。难点：微观示意图、守恒计算、实验顺序与安全。

## 分阶段课时
- 概念与用语（3课时）。
- 实验与空气、水（3课时）。
- 方程式与计算（2课时）。
- 综合纠错（2课时）。

## 活动
主动回忆：限时默写常见元素与化学式；错题重做：配平题与实验顺序题次日再做一遍。

## 考前策略
先检查化学式角标和条件、气体符号，再计算；实验题先写安全要点。缺失的得分率标为待补充，不虚构。

## 待补充
化学式默写错误清单、实验操作常见失误、计算题失分步骤。"
历史,期中复习,"七年级上册第一至三单元：史前时期、夏商周、秦汉","课标中国古代史相关要求。时空观念、史料实证和历史解释贯穿单元；秦汉大一统是后续古代史的关键节点。","时间轴和朝代顺序容易混乱；材料题能找到信息但不会组织答案。单元测验得分率待补充。",2026-11-08,6,"## 复习目标
6课时建立史前至秦汉的时空框架，训练“史实+材料+解释”的答题习惯。

## 四层知识图谱
- 核心概念：部落、分封制、大一统、丝绸之路等关键史实。
- 原理关系：制度与社会发展相互影响；重要事件置于时间顺序中理解。
- 方法技能：制作时间轴、区分史实与观点、从材料提取信息。
- 综合应用：用2–3个史实说明秦汉巩固统一的措施及其影响。

## 重难点
重点：朝代顺序与主要制度。难点：材料题答案要点化和影响类题目的因果表述。

## 分阶段课时
- 时空框架（2课时）。
- 重点制度与人物（2课时）。
- 材料题与综合（2课时）。

## 活动
主动回忆：默画时间轴后再对照课本；错题重做：材料题按“摘信息—对应知识—作答”重写。

## 考前策略
先答确定的史实题，影响类题目分点写；不靠死记整段课文。具体失分统计待补充。

## 待补充
时间轴错误类型、材料题得分点缺失情况、考试范围确认单。"
生物学,单元复习,"七年级上册第二单元：生物体的结构层次","课标“分子与细胞”相关内容在初中阶段的基础要求。细胞是生物体结构功能基本单位；显微观察落实科学探究。","显微镜操作步骤记忆混乱；细胞结构名称与功能对应不稳。实验评价等第待补充。",2026-10-28,4,"## 复习目标
4课时复习细胞、组织、器官、系统的层次，并规范显微镜使用与临时装片观察的表述。

## 四层知识图谱
- 核心概念：细胞结构、细胞分裂分化、组织器官系统。
- 原理关系：结构与功能相适应；分化形成不同组织。
- 方法技能：显微镜对光与观察、绘生物图、比较动植物细胞。
- 综合应用：用结构层次解释生物体构成，并说明观察步骤。

## 重难点
重点：细胞基本结构及功能。难点：分裂与分化的区别、实验步骤顺序。

## 分阶段课时
- 概念关系（1课时）。
- 实验与绘图（1课时）。
- 比较与综合（1课时）。
- 错题重做（1课时）。

## 活动
主动回忆：遮住结构图标注名称；错题重做：把实验步骤打乱后重新排序并说明理由。

## 考前策略
概念题先判断动植物细胞差异，实验题按操作顺序作答。不编造实验得分。

## 待补充
显微镜操作扣分记录、结构填图错误分布。"
地理,期末复习,"七年级上册：地球与地图、陆地和海洋、天气与气候、居民与聚落、发展与合作","课标“地球科学基础”“认识世界”。地图技能是后续区域学习的工具；气候与聚落体现人地协调观。","经纬网判读和比例尺计算易混；气候类型判断缺少步骤。地图题得分率待补充。",2026-01-14,8,"## 复习目标
8课时回看地球地图基础和世界概况，把读图步骤固定下来。

## 四层知识图谱
- 核心概念：经纬网、地形、海陆分布、天气与气候、人口与聚落。
- 原理关系：位置与地形影响气候；自然条件影响聚落与发展差异。
- 方法技能：定向、量算、判读等值线或气候资料、读取图表。
- 综合应用：根据地图和资料说明一地自然与人文特征。

## 重难点
重点：经纬网、地图三要素、世界气候分布大势。难点：比例尺计算、气候资料判读。

## 分阶段课时
- 地球与地图（3课时）。
- 海陆与气候（3课时）。
- 居民发展与综合读图（2课时）。

## 活动
主动回忆：不看图说出判读步骤再实践；错题重做：同一经纬网题更换点位再判读。

## 考前策略
读图先看图名、图例、方向；计算题写单位。区域细目若考试说明未给，标为待补充。

## 待补充
地图技能各题得分、气候判读错误类型、考试说明。"
道德与法治,考前冲刺,"八年级上册：社交、网络、遵守规则、承担社会责任","课标“道德与法治”中个体与社会关系。规则意识、公共参与和网络素养是核心素养落点。","能背观点，但结合材料分析不足；辨析题易只表态不讲理。开放题典型失分待补充。",2026-01-09,4,"## 复习目标
4课时把观点、依据和生活情境对应起来，训练分点作答，不增加课外争议议题。

## 四层知识图谱
- 核心概念：社交原则、网络素养、规则、责任。
- 原理关系：权利与义务相统一；规则保障自由与秩序。
- 方法技能：审材料、提取行为、对应观点、提出做法。
- 综合应用：对校园与网络情境给出合理、合法、可执行的建议。

## 重难点
重点：各课核心观点。难点：材料分析题的“观点+理由+做法”。

## 分阶段课时
- 观点网络（1课时）。
- 材料分析（2课时）。
- 限时综合与讲评（1课时）。

## 活动
主动回忆：每课用三句话复述；错题重做：把只表态的答案补上理由和做法。

## 考前策略
先审设问中的行为主体，再分点写；建议要具体、守法。不预测分数。

## 待补充
开放题评分标准、班级常见空缺点、考试范围确认。"
数学,单元复习,"九年级上册第二十一章：一元二次方程","课标“数与代数”中的方程与模型。配方法、公式法、因式分解法服务于解方程；实际问题体现模型观念。判别式用于判断根的情况。","直接开平方法掌握较好，配方法和判别式应用不稳定。本章练习得分率待补充。",2026-11-25,5,"## 复习目标
5课时掌握三种解法的选择与检验，并能处理基础实际问题。

## 四层知识图谱
- 核心概念：一元二次方程、一般式、根、判别式。
- 原理关系：配方法推导公式法；因式分解利用零因子；判别式决定根的情况。
- 方法技能：化一般式、选择解法、检验、简单应用题列方程。
- 综合应用：根据根的情况选择参数范围的基础题，不扩展压轴难题。

## 重难点
重点：公式法与因式分解法。难点：配方过程符号、实际问题检验不合题意的根。

## 分阶段课时
- 概念与解法选择（2课时）。
- 判别式与应用（2课时）。
- 错题重做（1课时）。

## 活动
主动回忆：默写一般式和求根公式及适用条件；错题重做：配方法完整重写配方步骤。

## 考前策略
先化为一般式再解题；应用题必须检验。参数题若课时不足，标为选做，不虚构正确率。

## 待补充
三种解法各自错误数量、应用题失分原因。"
语文,考前冲刺,"九年级上册全册字词、课内古诗文、说明文与议论文阅读方法、作文审题","课标第四学段阅读与写作要求。古诗文积累、多种文体阅读和有理有据的表达是期末考查常见落点。说明文信息提取与议论文论证分析需区分。","古诗文默写时同音错字较多；议论文能找论点，但论据分析弱。全册默写与阅读得分待补充。",2026-01-12,6,"## 复习目标
6课时做考前回看：默写纠错、两类阅读方法对比、作文审题，不新讲未学课文。

## 四层知识图谱
- 核心概念：说明方法、论证方法、文言实词、作文立意。
- 原理关系：说明文重准确提取，议论文重观点与依据；文言词义服务句意。
- 方法技能：语境定词义、区分说明与议论设问、列写作提纲。
- 综合应用：限时完成一篇结构完整的议论短文或材料作文提纲。

## 重难点
重点：课内默写与文体特征。难点：论证思路分析和作文扣题。

## 分阶段课时
- 默写与文言（2课时）。
- 说明文、议论文对比（2课时）。
- 作文审题与综合（2课时）。

## 活动
主动回忆：默写后立即订正错字；错题重做：把议论文答案补上“论据如何证明论点”。

## 考前策略
默写写完通读检字；阅读先判断文体再答题；作文先写中心句。不承诺提分。

## 待补充
默写错字表、阅读失分题型、作文审题跑题案例。"
英语,期末复习,"九年级全一册：时态复习、宾语从句、定语从句、阅读与书面表达","课标语言能力与思维品质要求。时态是从句学习的基础；读写活动对应获取信息和得体表达。","时态混用明显，宾语从句语序易错；阅读细节题尚可，主旨题不稳定。各语法点得分率待补充。",2026-01-20,10,"## 复习目标
10课时整理时态与两大从句，并用于阅读和写作，不展开未学语法项目。

## 四层知识图谱
- 核心概念：一般现在、一般过去、现在完成等已学时态；宾语从句；定语从句关系词。
- 原理关系：时间标志决定时态；从句语序和关系词受句子成分约束。
- 方法技能：画时间轴、改陈述语序、选择who/which/that、段落写作。
- 综合应用：在短文中正确使用从句，并完成一篇80–100词左右的提纲式写作。词数以考试说明为准，若未公布则待补充。

## 重难点
重点：时态辨析、宾语从句语序。难点：定语从句关系词和主谓一致。

## 分阶段课时
- 时态（3课时）。
- 宾语从句（2课时）。
- 定语从句（2课时）。
- 阅读写作与错题（3课时）。

## 活动
主动回忆：每天默写3个时间标志及对应时态；错题重做：从句错句先标连接词和语序再改正。

## 考前策略
单选先找时间标志和先行词；写作先列三点再扩句。缺失分值与得分率一律待补充，不估计提分幅度。

## 待补充
语法分项错误统计、阅读题型分值、书面表达评分档描述。"