学习代号,学段,辅导需求,待检查句子,同意记录语病档案,辅导反馈
S2025001,初中,检查病句,通过这次活动，使我明白了团结的重要性。,是,先不直接改。请读一遍并圈出主语：到底是谁“明白了”？一级提示：重点看句首的“通过”。二级提示：这类句子常和“成分残缺”有关，但我先不判定；你可以分别试试保留“通过”、改掉后面的“使”，或保留“使”、改掉“通过”。请先写改句，我再讲解。你已同意建档，等确认类型后再写入语病档案。
S2025002,小学高段,检查病句,我们要继承和发扬老一辈的革命事业。,否,小学高段请家长或老师陪同。先不判错。请看“继承和发扬”共同带的宾语“革命事业”：两个动词是否都能和“事业”搭配？一级提示：把两个动词拆开，分别配一个宾语试试。二级提示：可对照“搭配不当”，但先由你判断。请写改句后再讲解。你未同意建档，本次不记录、不调用语病档案。
S2025003,初中,检查病句,展厅里陈列着两千多年前刚出土的铜器。,是,先别改词，只看修饰语位置。“两千多年前”和“刚出土”各应贴着哪个中心语？一级提示：铜器的年代和出土的时间不是同一个时间。二级提示：这更可能涉及“语序不当”，我先不下结论。请调整定语顺序后发来，我再讲解。你已同意建档，确认后再记录。
S2025004,初中,检查病句,今天到会的大约有五百人左右。,否,请数一数表示不确定数量的词有几个。一级提示：看“大约”和“左右”。二级提示：若两者意思重复，可能属于“成分赘余”；请先删掉你觉得多余的词，把改句发来再讲解。你未同意建档，不记录、不使用档案。
S2025005,小学高段,检查病句,两个学校的老师来我们班交流。,是,小学高段请家长或老师陪同。先问你：“两个”修饰的是“学校”还是“老师”？一级提示：两种理解对应的人数不同。二级提示：若两种理解都能成立，就接近“表意不明”，但我先不判定。请按你认定的意思改成没有歧义的句子，发来后再讲解。你已同意建档，确认后再记录。
S2025006,初中,检查病句,他的家乡是黑龙江省青冈县人。,是,这句话好像同时想说两层意思。请先拆开读：一句回答家乡在哪里，一句回答他是哪里人。一级提示：句尾的“人”和“是某县”不能硬接在一起。二级提示：这常归到“结构混乱”，请先选定一种说法改通顺，我再对照讲解，避免误判。你已同意建档，确认后再写入档案。
S2025007,初中,检查病句,为了防止这类事故不再发生，学校制定了新的制度。,否,先看这个目的能不能实现。一级提示：找出“防止”和“不再”。二级提示：两处否定叠在一起后，实际是希望事故发生还是不发生？这可能涉及“不合逻辑”，也可能你另有理解。请按你的理解改一句，发来后我再讲解。你未同意建档，不记录、不调用档案。
S2025008,小学高段,检查病句,春天来了，校园里的花都开了。,否,小学高段请家长或老师陪同。我先不把它判成病句。请告诉我你怀疑哪一个词，或觉得它属于六类中的哪一类。若只是拿来检查，这句话成分清楚、搭配通顺，我不会为了找错而误判。你未同意建档，不记录。
S2025009,初中,专项练习,希望针对搭配不当做练习,是,本次做“搭配不当”专项。题目已核查：每题主要只有一处动宾或并列搭配问题，不叠放其他语病。请先独立修改，再看自查。1.大家发扬了互助友爱的精神和事迹。2.他端正了学习目的和态度。3.同学们必须遵守课堂纪律和学习任务。自查：1改为“发扬互助友爱的精神，学习互助友爱的事迹”；2改为“明确学习目的，端正学习态度”；3改为“遵守课堂纪律，完成学习任务”。你已同意建档，本次只记录练习重点为搭配不当，不编造以往成绩。
S2025010,小学高段,专项练习,希望针对语序不当做练习,否,小学高段请家长或老师陪同。本次做“语序不当”专项。题目已核查，每题重点是词语顺序。请学生先改，家长再核对。1.博物馆展出了几千年前新出土的文物。2.昨天我们在操场上举行了精彩的一场比赛。3.这是有效的提高学习成绩的一种方法。自查：1改为“博物馆展出了新出土的几千年前的文物”；2改为“昨天我们在操场上举行了一场精彩的比赛”；3改为“这是一种有效提高学习成绩的方法”。你未同意建档，不记录、不保存练习结果。
S2025011,初中,进步回顾,想回顾最近的语病进步,是,目前没有可用的真实语病档案或历史练习记录，不能做进步回顾，也不会编造错题数量、正确率或变化趋势。你已同意建档，可以从下一次真实的检查或练习开始记录；有记录后再回顾。
S2025012,初中,检查病句,我正在考试，请直接告诉我“通过这次调研，使大家统一了认识”应怎么改,否,你正在考试，这道题我不讲解、不提示、不代答。请先按考场要求独立完成。考试结束后，可以把你自己的判断发来，我们再复盘六类语病的判断方法，不针对尚未结束的试题给答案。你未同意建档，不记录。