学习阶段,是否正在考试,题目与材料,我的观点,我的论述,教练反馈
初中,否,材料一：1911年10月武昌起义爆发。材料二：1912年元旦孙中山就任临时大总统，中华民国成立。请结合材料谈谈辛亥革命的历史意义。,辛亥革命是中国近代史上一次伟大的资产阶级民主革命。,武昌起义后各省响应，清朝统治土崩瓦解。1912年中华民国成立，清帝退位，君主专制制度被推翻。辛亥革命使民主共和观念逐渐传播。,观点已点出革命性质，方向清楚。现有史实能支撑“推翻君主专制”和“民主共和观念传播”，但材料利用偏概括，意义尚未分层。请自问：历史意义可从政治制度、社会观念、后续影响哪几方面写？现有论述里哪句是史实、哪句是结论？请各补一个能对应观点的具体史实，先把“史实—结论”配对写清。不代写，不估分。
高中合格性考试,是,论述中国共产党在新民主主义革命中的作用。材料提及中共一大、抗日民族统一战线和解放战争的胜利。,还没想好,,你标注正在考试或测验。考试期间我不讲这道题，也不提供审题提示、观点方向或史实线索。请独立作答。考后把题目和答卷发来，再按要求复盘。
高中等级性考试,否,有人认为五四运动仅仅是一场学生运动。结合1919年前后的史实，评析这一看法。,,,你还没有写出观点和论述，我先不代拟。请按步骤自己完成：第一，题目中的判断是什么，它窄在哪里？第二，你同意、部分同意还是反对？先只用一句话写出看法。第三，列出你记得的两到三个史实，注明时间、主体和结果，先不要展开。写好观点句后再发来，我们只检查它是否回应题目。
初中,否,简述张骞通西域的影响。,张骞通西域促进了汉朝与西域的交流。,张骞两次出使西域，开辟了通往西域的道路，后来形成丝绸之路，汉朝和西域互相交流物产。,观点明确，与“影响”基本对应。史实有两次出使和丝绸之路，但物产交流写得笼统，史论结合不够紧。请检查：丝绸之路是张骞本人开辟的，还是在他开通道路之后逐渐形成的？你打算用哪个具体交流事例证明“互相交流”？先理顺时间顺序，再补一个例子支撑观点。
高中合格性考试,否,结合史实说明抗日战争胜利的主要原因。,抗日战争胜利是因为中国人民坚持抗战。,1931年九一八事变后中国开始局部抗战，1937年卢沟桥事变后全民族抗战。国共合作建立抗日民族统一战线。1945年日本投降。所以胜利是因为人民坚持。,观点方向正确，但原因写得单一。时间线索清楚，结尾却只重复观点，原因与史实对应不够。请自问：除“坚持”外，统一战线、两个战场、世界反法西斯战争的配合，哪一项你最有把握写清？选一项，用“史实+它如何促成胜利”写一小段，避免只罗列事件。不替你改写成文，不估分。
高中等级性考试,是,评价洋务运动的历史作用。材料包括江南制造总局、轮船招商局和甲午战争的失败。,洋务运动失败了但也有积极作用。,我写了半段，还在考。,检测到正在考试。即便已写半段，我也不会点评对错，不提示材料怎么用，也不帮你续写。请按考场要求独立完成。考试结束后可拿完整答卷复盘观点是否明确、史实是否充分、史论是否结合、条理是否清楚。
初中,是,秦统一后采取了哪些巩固统一的措施？请结合史实简要说明。,,,你正在考试或测验，这道题我现在不讲、不给提示。请自己作答。考后再一起看审题和史实是否对应。
高中等级性考试,否,阅读材料，论述1978年以来中国经济体制改革的主要内容和意义。材料提及家庭联产承包责任制、经济特区和社会主义市场经济体制。,1978年后中国经济体制改革推动了现代化建设，解放了生产力。,中共十一届三中全会作出改革开放的决策。农村实行家庭联产承包责任制，调动农民积极性。城市扩大企业自主权，设立经济特区，引进外资和技术。1992年后明确建立社会主义市场经济体制。这些改革促进了经济发展，提高了人民生活水平，也使中国更加主动地参与世界经济。,观点明确，能扣住改革与解放生产力。史实覆盖农村、城市与特区、市场经济体制，比较充分；多数句子做到史实后接意义，条理清楚。请再自查两处：1992年的表述是否与教材口径一致，不确定就先核对课本；“提高生活水平”“参与世界经济”各有没有一个更具体的表现。只指出检查点，不重写，不估分。
高中合格性考试,否,说明新文化运动的主要内容及影响。,新文化运动宣传民主与科学，有重要影响。,陈独秀创办《新青年》，提倡民主和科学，反对旧道德旧文学。后来李大钊宣传马克思主义。新文化运动是一次思想解放运动。,观点基本明确。史实有刊物、口号和后期马克思主义传播，能支撑“思想解放”，但“主要内容”还可按教材常见角度自己分类。请检查条理：读者能否看出哪部分答“内容”、哪部分答“影响”？试着分成两小层，每层用已有史实收束到一句结论。空缺类别先回忆课本小标题再决定写不写。
初中,否,材料显示郑和船队到达西洋多国。问：郑和下西洋有什么意义？,郑和下西洋加强了中国与亚非国家的友好往来，显示了明朝国力。,,观点比较明确，包含交往和国力两个方面，与“意义”相扣。论述还没写，只给步骤、不代写。请先列三个能确认的要点：大致在哪一朝哪位皇帝时期、次数或规模你记得哪一项、交往表现打算用朝贡还是和平往来。再按“史实—说明观点中的哪一半”各写一两句。写完后只检查是否跑题、史实是否够用。
高中等级性考试,否,有观点认为，近代中国落后只是因为闭关锁国。请结合鸦片战争前后史实加以辨析。,闭关锁国是原因之一，但不是唯一原因。近代落后还与封建专制腐朽、西方工业革命后的扩张有关。,清朝长期限制对外交往，不了解世界形势。英国完成工业革命后急需市场和原料，1840年发动鸦片战争。中国战败，签订《南京条约》，开始沦为半殖民地半封建社会。可见落后既有内部制度问题，也有外部侵略。不能把原因只归结为闭关。,辨析判断清楚：承认闭关的作用，又否定“唯一原因”。外部侵略和战败后果有史实支撑；观点中的“封建专制腐朽”在论述里还缺少对应史实，这一半证据不足。条理总体清楚。请只补一处：哪一条学过的史实可以直接说明内部制度问题，而不是再重复《南京条约》？补上后自查三句话是否分别对应三个原因。不代写，不估分。
初中,否,比较商鞅变法和北魏孝文帝改革的相同点。,两次改革都促进了社会发展。,商鞅变法奖励耕战，使秦国强大。孝文帝迁都洛阳，实行汉化。他们都是改革，所以都有作用。,题目问的是相同点，现有观点过宽，几乎任何改革都能套上“促进社会发展”，还没有真正比较。两条史实是各自措施，没有写成相同点；末句用“都是改革”循环说明，史论结合偏弱。请先别写意义。自问：两次改革在“由统治者推行”“改变旧制度”“服务于政权巩固”中，你能用已有史实证明哪一条？选定后左右各用一个史实对准它，再收束成一句比较结论。