学段,学科,知识点,作业类型,学情摘要,参考文件,作业任务卡
"小学中段","数学","万以内的加减法（连续进位与退位）","单课时","班级32人。最近练习：约8人未稳定掌握数位对齐与连续退位，约16人能完成两步计算但易抄错数位，约8人计算熟练并能验算。有错因统计，具备明确分层依据。","人教版数学三年级上册第二单元（教师自备，勿照搬原文）","【版本】分层任务卡，分层仅供教师确认后使用。【题目】A基础：1.竖式计算436+258、702-347，写出进退位，预计6分钟；2.判断“905-468=547”是否正确并改正，预计4分钟。B发展：3.竖式计算1528+769、3000-1462，预计6分钟；4.故事书28元、科普书35元，付100元应找回多少元，列式解答，预计6分钟。C提高：5.用两种方法验算4000-1358，并说明哪种更不易错，预计6分钟；6.编一道含连续退位的应用题并解答，预计7分钟。【总用时】基础10分钟，发展12分钟，提高13分钟；统一课堂建议预留15分钟。【逐题评分标准】1.每题5分，对齐2分、进退位2分、结果1分，共10分，参考结果694、355；2.判断4分、改正6分，共10分，正确结果437；3.每题6分，过程3分结果3分，共12分，参考结果2297、1538；4.列式4分、计算4分、单位与答2分，共10分，参考37元；5.两种验算各5分、说明5分，共15分，差为2642；6.编题含连续退位6分、解答6分、题意完整3分，共15分。【批改指南】先看数位与进退位，再看结果；过程对、结果抄错可给过程分。只批该生所在层，不跨层扣分。【反馈模板】你在____（对齐/连续退位/验算）上已经稳定；下一步请再练2道同类竖式并自行验算。AI 生成，入库前请人工验算"
"小学中段","语文","比喻句","单课时","刚完成比喻句新授，只有课堂口头观察，没有分项正确率或错因统计，不能作为分层依据。","统编语文三年级上册相关课文（教师自备，勿照搬原文）","【版本】基础版（无学情，不分层）。【题目】1.写出比喻句的本体、喻体、比喻词各指什么，并各举一个词，预计4分钟；2.判断下列哪句是比喻句并说明理由：月亮像小船；小草在点头；他跑得很快，预计6分钟；3.用“像”写一句比喻句，写出本体和喻体，预计5分钟；4.把“老师很亲切”改写成比喻句，预计5分钟。【总用时】20分钟。【逐题评分标准】1.三个概念各2分、例子各2分，共12分；2.判断正确6分、理由指出本体喻体且排除拟人6分，共12分；3.有比喻词4分、本体喻体恰当8分、语句通顺3分，共15分；4.改写后仍表达亲切6分、构成比喻9分，共15分。满分54分，可按百分制折算。【批改指南】“像”不一定是比喻，须有本体和喻体且二者不同类。拟人句不判为比喻。鼓励合理想象，不要求与范文相同。【反馈模板】你已经能找出____；还容易把____当成比喻。请用“什么像什么”再写一句，并标出本体和喻体。AI 生成，入库前请人工验算"
"小学高段","数学","分数的意义","单元复习","五年级40人。单元小测：12人不能说明分数各部分意义，18人能读写分数但单位“1”易错，10人能联系除法解释分数。卷面分项统计明确，具备分层依据。","人教版数学五年级下册第四单元（教师自备，勿照搬原文）","【版本】分层任务卡。【题目】A基础：1.说一说3/4中3、4和分数线各表示什么，预计5分钟；2.把8个苹果平均分成4份，涂出其中3份，并写出分数，预计5分钟。B发展：3.判断“把一个蛋糕分成4份，取1份就是1/4”是否正确并改正，预计6分钟；4.用分数表示：3米长的绳子平均分成5段，每段是全长的几分之几，2段是多少米，预计7分钟。C提高：5.说明1/2、2/4、3/6为什么可以表示同一个分率，并各画一个图，预计8分钟；6.用除法关系解释：把12块糖平均分给4人，每人分得的块数和分率分别是什么，预计7分钟。【总用时】基础10分钟，发展13分钟，提高15分钟；复习课建议预留20分钟。【逐题评分标准】1.分子、分母、分数线各4分，共12分；2.平均分4分、图示4分、分数3/4共4分，共12分；3.指出缺少“平均分”6分、改正6分，共12分；4.分率1/5与2/5各4分、长度2/5米4分，共12分；5.平均分与取份数说明6分、三图各3分，共15分；6.每人3块6分、分率3/12或1/4各4分，共14分。【批改指南】重点看是否强调平均分和单位“1”。图示不工整但不改变份数的可给满图示分。同分率图不唯一。【反馈模板】你对____（各部分名称/平均分/单位“1”）掌握较好；请用一句自己的话再说清：分数表示____。AI 生成，入库前请人工验算"
"小学高段","英语","一般现在时（第三人称单数与频度副词）","单课时","教师感觉部分学生会漏掉动词三单，但没有作业正确率、错因分类或名单，分层依据不明确。","人教版英语六年级上册相关单元（教师自备，勿照搬原文）","【版本】基础版（无学情，不分层）。【题目】1.用所给词填空：He ____ (go) to school at 7:30. She ____ (watch) TV every evening. 预计4分钟；2.选择频度副词 usually、never、always 填空：I ____ get up at six. Tom ____ eats breakfast, so he is often hungry. 预计5分钟；3.把 I play football on Sundays. 改为 He 开头的句子，预计4分钟；4.用一般现在时写3句介绍一位家人的日常，至少用一个频度副词，预计8分钟。【总用时】21分钟。【逐题评分标准】1.goes、watches各5分，共10分，拼写错误扣2分；2.always或usually合理5分、never 5分，共10分；3.主语He 3分、plays 5分、其余保持2分，共10分；4.三句时态正确各4分、频度副词2分、意义连贯2分，共16分。【批改指南】先看三单，再看频度副词位置。写作不因个别拼写扣光，但动词形式错误必须指出。不要求使用课文原句。【反馈模板】三单方面：____；频度副词方面：____。请订正错句并大声读两遍。AI 生成，入库前请人工验算"
"初中","数学","一元一次方程的解法与应用","考前冲刺","九年级模拟：40人中，去分母错误9人，去括号漏乘8人，移项变号错误11人，应用题等量关系不清7人，全对5人。错因清单明确，具备分层依据。","人教版数学七年级上册第三章（教师自备，勿照搬原文）","【版本】分层冲刺卡。【题目】A基础：1.解方程2x+6=18，写出移项，预计4分钟；2.解方程3(x-2)=15，预计5分钟。B发展：3.解方程(x+1)/2=4，预计5分钟；4.解方程2(x-1)-x=7，并检验，预计7分钟。C提高：5.某数的2倍比它的一半多9，求这个数，预计8分钟；6.指出方程(x+2)/3-1=x/2中学生常见的两处错误并写出正确解，预计8分钟。【总用时】基础9分钟，发展12分钟，提高16分钟；冲刺课建议25分钟含订正。【逐题评分标准】1.移项3分、系数化1得x=6共5分，共8分；2.去括号4分、得x=7共4分，共8分；3.去分母或等价变形5分、x=7共4分，共9分；4.化简4分、x=9共3分、检验3分，共10分；5.等量关系4分、方程4分、x=6共4分，共12分；6.两处错因各4分、正确解x=10共6分，共14分。【批改指南】按步骤给分。检验只验代入原方程。应用题方程合理但计算错，保留等量关系分。【反馈模板】你的主要失分在____（去括号/去分母/移项/等量关系）。请只订正错步，并重做1道同类题。AI 生成，入库前请人工验算"
"初中","物理","密度","单课时","新授课结束，尚无测验数据和实验报告分项成绩，不能分层。","人教版物理八年级上册第六单元（教师自备，勿照搬原文）","【版本】基础版（无学情，不分层）。【题目】1.写出密度公式及质量、体积、密度的单位各一组，预计4分钟；2.一块金属质量270g、体积100cm，求密度，预计6分钟；3.已知水的密度约1.0×10kg/m，2L水的质量是多少kg，预计6分钟；4.说明：只测质量能否判断空心，还需要什么，预计5分钟。【总用时】21分钟。【逐题评分标准】1.公式ρ=m/V 4分、三组单位各2分，共10分；2.代入3分、2.7g/cm 5分、单位2分，共10分；3.2L=0.002m或换算正确4分、质量2kg 4分、单位2分，共10分；4.不能仅凭质量4分、还需体积或排水法4分，共8分。【批改指南】允许g/cm与kg/m，但同一题单位须一致。换算错误单独扣换算分，不重复扣公式分。本题不要求实验操作。【反馈模板】公式：____；单位换算：____。请把第2题的单位再检查一遍。AI 生成，入库前请人工验算"
"小学中段","科学","植物的生长条件","单元复习","单元观察记录不完整，只有部分学生画了生长日记，没有全体正确率或能力分组证据。","教科版科学三年级下册植物单元（教师自备，勿照搬原文）","【版本】基础版（无学情，不分层）。【题目】1.写出种子萌发需要的三项基本条件，预计4分钟；2.判断：种子放在干燥温暖处一定能萌发，说明理由，预计5分钟；3.设计对照：怎样比较“有无光照”对幼苗生长的影响，只写要控制相同的两个条件和不同的一个条件，预计7分钟；4.用两句话说明浇水过多为什么可能不利于生长，预计5分钟。【总用时】21分钟。【逐题评分标准】1.适宜的水、空气、温度各3分，共9分，写成阳光可给1分但不替代三项；2.判断错误3分、指出缺水3分，共6分；3.相同条件写出两项各3分、不同条件为光照4分，共10分；4.指出根呼吸或空气不足等合理原因6分、表述清楚2分，共8分。【批改指南】科学表述允许儿童语言，只要条件对应正确即给分。第3题不要求完整实验报告，不引导危险操作。【反馈模板】你记住了____条件；对照实验还要记得只改变____。请把萌发三条件再默写一遍。AI 生成，入库前请人工验算"
"小学高段","语文","说明文阅读：举例子、列数字、作比较","原作业改写","原作业一律摘抄课文并答标准答案，阅读小测显示：15人能找出句子但说不清方法作用，12人方法名称混淆，8人能结合内容说明作用。有小测分项，具备分层依据。现改为不依赖课文原文的改写作业。","原作业为课文句子摘抄；改写时不使用教材原文","【版本】分层改写任务卡，脱离原文摘抄。【题目】A基础：1.给三种说明方法各写一个自己的例句，预计8分钟；2.指出“蚂蚁可以举起相当于自身重量许多倍的物体”主要用了哪种说明方法，预计4分钟。B发展：3.比较“这种桥很长”和“这种桥长约1600米”，说明列数字的作用，预计6分钟；4.把“鲸很大”改写成含作比较和列数字的两句，预计7分钟。C提高：5.阅读自编短段：北极燕鸥每年迁徙往返约数万千米，比许多鸟飞得更远。写出两种方法及各自作用，预计8分钟；6.说明只堆方法名称、不联系内容为什么得不到高分，预计5分钟。【总用时】基础12分钟，发展13分钟，提高13分钟；建议预留18分钟。【逐题评分标准】1.三种方法名称各2分、例句各3分，共15分；2.列数字或举例子判断合理并说明4分，共8分，若只写名称得4分；3.指出具体、准确、可信各要点共10分；4.作比较4分、列数字4分、内容仍写鲸大2分，共10分；5.两种方法各3分、作用各4分，共14分；6.指出须联系说明对象4分、表述清楚3分，共7分。【批改指南】方法名称与作用必须配套。例句不与课文相同也可满分。改写题数字可自拟，但须合理。【反馈模板】方法名称：____；联系内容说明作用：____。请把错题旁补一句“这种方法说明了____”。AI 生成，入库前请人工验算"
"初中","英语","现在完成时","单元复习","八年级单元测：for/since混淆14人，already/yet位置错误9人，过去分词拼写错误11人，能正确表达经历6人。分项数据明确，具备分层依据。","人教版英语八年级下册相关单元（教师自备，勿照搬原文）","【版本】分层任务卡。【题目】A基础：1.写出go、see、buy的过去分词，预计3分钟；2.用for或since填空：I have lived here ____ 2019. She has learned piano ____ three years. 预计4分钟。B发展：3.用already或yet完成两句疑问句和肯定句，预计6分钟；4.改正：He has went to Beijing yesterday. 预计6分钟。C提高：5.用现在完成时写4句介绍自己的经历，分别用ever、never、for、since，预计10分钟；6.说明为什么yesterday不能与现在完成时连用，预计5分钟。【总用时】基础7分钟，发展12分钟，提高15分钟；复习建议预留20分钟。【逐题评分标准】1.gone、seen、bought各3分，共9分；2.since、for各4分，共8分；3.already、yet使用及位置各5分，共10分；4.找出have gone或went错误4分、去掉yesterday或改为一般过去时4分，共8分；5.四句结构各3分、四个词各2分，共20分；6.指出缺少明确过去时间或强调对现在影响5分，共5分。【批改指南】过去分词拼写按词扣分。第4题两种正确改法均可。写作不要求长难句。【反馈模板】过去分词：____；for/since：____；与一般过去时的区别：____。请订正后各造1句。AI 生成，入库前请人工验算"
"初中","语文","文言文常见实词","考前冲刺","九年级词汇默写：之、其、以、为四词混用率高，分别有18、15、12、10人失分；能在句中判断词义的约8人。错词统计明确，具备分层依据。","课标常见实词；例句为教师可用的短句，不摘录教材长文","【版本】分层冲刺卡。【题目】A基础：1.解释：温故而知新中的“故”；学而时习之中的“之”，预计5分钟；2.选择“为”的意思：不足为外人道也，写出词义，预计4分钟。B发展：3.比较“其”在“其恕乎”和“择其善者而从之”中的含义，预计7分钟；4.解释“不以规矩，不能成方圆”中的“以”，并翻译整句，预计7分钟。C提高：5.给“之”写出三种常见用法并各配一个短例，预计8分钟；6.判断“为”在两句中是否同义：知之为知之；此为何器，说明理由，预计7分钟。【总用时】基础9分钟，发展14分钟，提高15分钟；冲刺建议预留20分钟。【逐题评分标准】1.“故”旧的知识或学过的4分、“之”代指学过的内容4分，共8分；2.“为”解释为“对、向”6分；3.两处“其”各4分、差异说明4分，共12分；4.“以”凭借或用4分、句意6分，共10分；5.三种用法各3分、短例各2分，共15分；6.判断不同义4分、分别解释各4分，共12分。【批改指南】词义近义表述可给满，如“向”写成“对”。翻译看关键词，不要求文言语气一致。不摘抄长篇译文。【反馈模板】实词____已掌握；____仍与____混淆。请把错词放入原句再解释一遍。AI 生成，入库前请人工验算"
"小学高段","数学","圆的周长","单课时","今日新授，尚未收练习，没有正确率和错因，不能分层。","人教版数学六年级上册第五单元（教师自备，勿照搬原文）","【版本】基础版（无学情，不分层）。【题目】1.写圆周长公式两种形式，并注明字母含义，预计4分钟；2.直径10厘米，π取3.14，求周长，预计5分钟；3.半径4分米，π取3.14，求周长，预计5分钟；4.一个圆的周长是31.4米，π取3.14，求直径，预计6分钟；5.说明知道半径后为什么可以求周长，预计4分钟。【总用时】24分钟。【逐题评分标准】1.C=πd与C=2πr各3分、字母含义4分，共10分；2.代入4分、31.4厘米4分、单位1分，共9分；3.先求直径或直接用2πr 4分、25.12分米4分，共8分；4.d=C/π 4分、10米4分，共8分；5.指出直径等于半径的2倍或公式关系4分，共4分。【批改指南】π取值必须按题目。单位错单独扣1分。第4题用面积公式的不给公式分。【反馈模板】公式选择：____；计算：____。请分清直径和半径后再做1题。AI 生成，入库前请人工验算"
"初中","道德与法治","权利与义务的关系","单课时","课堂讨论较活跃，但没有量表、作业或测评结果，观察印象不能作为分层依据。","统编道德与法治八年级下册相关内容（教师自备，勿照搬原文）","【版本】基础版（无学情，不分层）。【题目】1.用自己的话说明权利和义务的区别，各举一个校园中的例子，预计6分钟；2.判断“享有权利就可以不履行义务”，说明理由，预计5分钟；3.列举一项公民基本权利及其对应的合理界限，预计6分钟；4.写一段80字左右的短评：为什么权利与义务相互依存，预计8分钟。【总用时】25分钟。【逐题评分标准】1.区别4分、两个例子恰当各3分，共10分；2.判断为错误4分、指出权利义务统一4分，共8分；3.权利名称4分、界限合理4分，共8分；4.观点明确4分、结合例子4分、语言通顺2分，共10分。【批改指南】例子须合法、尊重他人。不因观点表述朴素扣分，但主张可以侵害他人权利的不给该要点分。不要求背诵法条原文。【反馈模板】你能举出____例子；对“相互依存”还需要补充____。请用“既享有……也应履行……”重写一句。AI 生成，入库前请人工验算"