学员化名,年级,学科,家长称呼,家长联系方式,每周课时,上课时间偏好,需求与目标,学情与前测表现,试听日期,试听观察,跟进阶段,课时包情况,诊断与跟进建议
小安,七年级,数学,安爸爸,139****8821,2,周日上午9:00-11:00,期中前补齐有理数运算和一元一次方程；能跟上学校课堂即可；不追求竞赛,计算速度中等且符号易错（家长口述）。学校单元测约70分（家长口述，原卷待补充）。正式前测未做,2026-04-18,待补充,试听准备,未报名；已预约试听1次,"**需求画像**：初一数学衔接，每周2课时、周日上午，目标是补齐有理数与方程并跟上课堂，节奏稳健、非竞赛。**学情基线与教学起点**：仅有家长口述的符号易错和约70分，原卷与正式前测待补充，不把口述分数当作测评结果。起点放在符号运算和一元一次方程移项，先诊断再讲。**诊断式试讲安排**（约45分钟）：1. 5分钟有符号四则3题，只记录错因；2. 15分钟方程移项1例+1变式，要求说出依据；3. 10分钟应用题只圈条件、不求做完；4. 5分钟学生复述一个易错点；5. 与家长只反馈观察，不预测成绩。**待补充**：原卷、是否有校内辅导、计算工具使用习惯。**说明**：不承诺提分；话术与时间需顾问人工确认，不自动发送；对外只用化名。"
小禾,五年级,英语,禾妈妈,待补充,1,周三晚19:30,提升阅读和口语开口；不要求竞赛或等级考试,词汇量家长估计偏少。未做前测，无试卷,2026-04-20,待补充,试听准备,体验课1节未消耗,"**需求画像**：五年级英语，每周1课时、周三晚，重点是阅读和开口，压力预期低。**学情基线与教学起点**：无前测、无联系方式，词汇量仅为家长估计，不能写成测评结论。起点用短文+口头复述做诊断，不预设等级。**诊断式试讲安排**（约40分钟）：1. 热身：看图说3句，观察是否愿开口；2. 80词以内短文，先听再读，只问2个能在原文找到的问题；3. 圈出5个生词，区分“完全不认识”和“见过不会用”；4. 结尾用中文让学生说今天读懂了什么。**待补充**：家长联系方式、教材版本、是否有听力材料、真实词汇与阅读样本。**说明**：不承诺提分或等级；确认电话前勿外发消息；只用化名。"
小周,八年级,物理,周妈妈,136****4409,2,周六晚,弄懂力与运动；作业能独立完成大部分,学校月考物理62/100（家长提供分数，原卷待补充）。公式记忆不稳，未见完整前测卷,2026-03-29,试听40分钟：受力分析能跟画图，口头解释跳跃；对实验视频兴趣高；计算容易跳步,试听复盘,试听已完成；未购正式包,"**需求画像**：初二物理力学，每周2课时、周六晚，希望弄懂并能独立完成大部分作业。**学情基线与教学起点**：月考62分仅为家长提供且原卷待补充；试听可见“会画图、解释跳跃、计算跳步”。起点从受力图画规范和解题步骤开始，不直接上新章节刷题。**五维观察**：1. 专注与情绪：对实验视频兴趣高，未见明显抵触；2. 互动与表达：能跟画，口头解释不连贯；3. 知识基础：力与运动公式记忆不稳，细项待原卷；4. 方法与习惯：计算跳步是主要风险；5. 动机与匹配：有可教性，适合先规范再加量。**跟进**：试听后24小时内由顾问人工联系。话术示例：今天看到画图能跟上，解释和计算步骤还不稳定；建议先用两次课把受力图和解题格式练稳，不预测下次考试分数。是否了解周六晚长期档期。**待补充**：月考原卷、作业照片。**说明**：不自动发送；不披露化名以外的身份信息。"
小陈,四年级,语文,陈爸爸,158****7730,1,周五傍晚,作文结构清楚；阅读题能说出依据,近期作文常偏题；阅读主观题空白较多。前测作文一篇已收，评分细则待补充，不记虚构分数,2026-04-02,能复述课文大意；概括中心需要提示；书写工整；发言需点名,试听复盘,试听1节已上；未购课,"**需求画像**：四年级语文，每周1课时、周五傍晚，目标是作文结构和阅读依据，不是速成。**学情基线与教学起点**：作文偏题、主观题空白为现有信息；前测作文未评分，不编造分数。起点是“用文中句子支撑一个观点”和“看图/命题先列三段提纲”。**五维观察**：1. 专注与情绪：书写认真，情绪平稳；2. 互动与表达：需点名才发言；3. 知识基础：能复述大意，独立概括中心不足；4. 方法与习惯：缺少先找依据再答题的步骤；5. 动机与匹配：可教，课时少，宜小步任务。**跟进**：24小时内人工回访。话术示例：试听里复述是有的，概括和作文还需要分步练；我们可以先约两次，每次只练一个阅读依据加一个三段提纲，不保证作文分数变化。**待补充**：前测作文评分标准、教材篇目。**正式建档摘要**：暂不建正式档，待家长确认是否继续。"
小吴,九年级,数学,吴妈妈,137****2258,3,周二周四晚；周日上午可加课,中考一轮补函数与几何证明；希望薄弱模块能稳定完成中档题,一次函数与二次函数图像变换易混；几何证明书写不完整。前测：选择题正确率较高，解答题第2问多未完成。原卷待归档，细项得分待补充,2026-03-15,对提示反应快；独立证明仍卡在辅助线；态度认真,转化,意向48课时包；未付款,"**需求画像**：初三数学一轮，每周3课时、晚间加周日可加课，关注函数与几何证明的中档题完成度。**学情基线与教学起点**：图像变换易混、证明书写不完整、解答题后半未完成；细项得分待补充，不外推总分。起点：图像变换对照表+证明书写模板，先中档不碰压轴。**阶段判断**：试听态度认真且需求具体，适合进入转化沟通，但未付款，不宜假定已报名。**跟进时间**：48小时内人工联系一次；若未接，隔日短信仅留回拨请求，不连续催促。**话术示例**：试听里独立遇到辅助线会停，提示后能继续，说明适合“先模板后变式”。48课时可按函数和几何两条线排，是否合适要看您周二周四晚上能否固定；我们不承诺中考提分。**正式建档摘要**：化名小吴；初三数学；每周3课时；固定晚间、周日可加；材料待归档原卷；状态=意向未付。**说明**：不自动发送；联系方式仅顾问内部使用。"
小郑,六年级,英语,郑妈妈,待补充,2,周六下午,小升初衔接；语法和阅读,现在完成时与一般过去时混淆（课堂观察，非正式测评）。无分数,2026-04-05,互动积极；听力反应快；写作几乎空白,转化,在24课时与36课时之间比较；家长周末再定,"**需求画像**：小升初英语衔接，每周2课时、周六下午，语法和阅读为主。**学情基线与教学起点**：仅有课堂观察的时态混淆，无测评分数，不编造正确率。起点用时态对照和短阅读，写作先从3句完整句开始。**阶段判断**：互动好、听力反应快、写作空白，有继续学习的匹配度；家长在课时包之间犹豫，属于可转化但未决定。**跟进时间**：本周六试听后的周末决策窗口内，周日晚前人工联系一次。**话术示例**：试听看到听和说比较主动，写作还几乎没展开。24课时适合先稳时态和阅读依据；36课时才能把写作单列。两种都可以，不表示课时越多分越高。您定好后我们再排周六下午固定老师。联系方式待补充，请先补可联系的家长号码。**正式建档摘要**：化名小郑；六年级英语；每周2课时；周六下午；状态=方案比较中。**说明**：不自动发送。"
小孙,高一,化学,孙爸爸,186****0912,2,周日下午,把元素化合物知识网和方程式配平练稳,已上12课时。最近学校测验家长反馈“比开学稳一些”，具体分数待补充。定量计算历史上偏弱,2026-01-10,历史试听：实验现象记忆好；定量计算弱,续费,原包24课时；剩余4课时,"**需求画像**：高一化学，每周2课时、周日下午，目标是知识网络和配平，不是竞赛。**学情基线与教学起点**：实验现象记忆好、定量计算弱；“比开学稳一些”只是家长感受，分数待补充，不改写成提分结果。续课起点仍放在方程式配平和简单定量，每课保留错因记录。**阶段判断**：剩余4课时，有持续需求，适合谈续费，但不把感觉好转说成效果承诺。**跟进时间**：剩余课时可上约2周，建议本周日内人工沟通。**话术示例**：目前还剩4课时，周日下午如果要连续排，需要提前定是否续包。接下来仍建议配平和定量各占一半，学校测验分数请有原卷再一起看，我们不根据感觉承诺提分。**正式建档摘要**：化名小孙；高一化学；每周2课时；周日下午；已上课时12；剩余4；续费待确认。**说明**：不自动发送；不外传联系方式。"
小钱,三年级,数学,钱妈妈,150****6643,1,周四晚,提高计算准确和审题习惯,口算正确率家长称不稳定。未做标准化前测，无分数,2026-02-08,试听时约15分钟后注意力下降；短任务更能完成,续费,10课时包即将用完；剩余2课时,"**需求画像**：三年级数学习惯课，每周1课时、周四晚，关注计算和审题，不是加速。**学情基线与教学起点**：无标准化前测。试听显示注意力约15分钟后下降，教学起点用短任务：口算计时+读题圈关键词，单次只练一个习惯。**阶段判断**：课时包将尽，若家长仍认可短任务方式，可续小包；若无法保证周四到课，宜暂停而不是加量。**跟进时间**：剩余2课时，课前48小时人工确认。**话术示例**：剩下2次课，我们仍按短任务练计算和审题，不增加时长。是否续10课时，取决于周四晚能否固定出席；续费不代表计算正确率会提升到某一数值。**正式建档摘要**：化名小钱；三年级数学；每周1课时；周四晚；剩余2课时；注意力宜短任务。**说明**：不自动发送。"
小冯,高二,物理,冯妈妈,131****7784,2,工作日晚；时间经常变动,电磁学,学校成绩波动大，具体分数待补充。最近两次请假。课后作业完成率低（家长反馈）,2026-03-01,试听时能听懂例题；后续作业完成率低,流失,剩余8课时；家长已提出暂停,"**需求画像**：高二电磁学，名义每周2课时，但时段经常变动。**学情基线与教学起点**：无具体分数。能听懂例题但作业完成率低、近期请假，说明问题在出勤和练习闭环，不适合继续加新课。**阶段判断**：家长已提出暂停，且时段不稳定、作业未闭环，判为流失/暂停，不宜强推续课或转化话术。剩余8课时按机构规则处理，本建议不解释退费政策。**跟进时间**：3个工作日内人工回访一次即可，不连续追打。**话术示例**：理解您要暂停。目前例题能听懂，但两次请假和作业没交，继续上课收效会有限。剩余课时我们先冻结并等您确定是否复课，不催您本周决定，也不承诺成绩变化。若下月时段能固定，再约一次回访。**待补充**：成绩原卷、请假原因、剩余课时处理规则。**说明**：不自动发送；不施压。"
小韩,八年级,英语,韩爸爸,待补充,1,周日不定,提高听力,试听后未再联系。学情细节与前测均待补充,2026-02-20,配合度一般；较少主动提问,流失,未购课,"**需求画像**：初二英语听力，每周1课时，周日时间不定。信息少。**学情基线与教学起点**：无前测、无联系方式、试听后失联，不能建立有效教学起点。**阶段判断**：未购课且失联，配合度一般，判为流失。不编造听力水平。**跟进时间**：已超过常规24小时窗口的，只做一次礼貌收口；无号码则不再猜测渠道。**话术示例**（仅在已有合法联系渠道时人工发送）：试听后我们没有再约到固定周日时间，先不保留体验名额。若之后周日能固定，并且方便补一个联系方式，可以再约诊断，不承诺听力提分。**待补充**：联系方式、听力材料、是否仍有意向。**说明**：不自动发送；不通过其他渠道查找身份。"
小唐,高三,数学,唐妈妈,133****5501,3,晚间均可；考前可临时加课,高考一轮收尾；导数与圆锥曲线的中档题,最近学校周测分数待补充。错题集中在计算和条件看漏（现有错题描述，无完整卷面）,2026-04-01,节奏快；要求直接讲题；对过程书写抗拒，需约定最低规范,试听复盘,咨询过一对一；未定课时包,"**需求画像**：高三数学收尾，每周3课时、晚间灵活，聚焦导数与圆锥曲线中档题。**学情基线与教学起点**：无周测分数。现有信息是计算和漏条件；试听要求跳过过程。起点必须约定最低书写规范，否则无法诊断错因。**五维观察**：1. 专注与情绪：节奏快，有赶进度压力；2. 互动与表达：主导讲题，较少接受过程要求；3. 知识基础：模块方向明确，细项分数待补充；4. 方法与习惯：抗拒书写是主要障碍；5. 动机与匹配：可教但需先约定规范，否则不匹配一对一。**跟进**：24小时内人工说明合作条件。话术示例：可以直接讲中档题，但每题至少留下关键条件和计算检查两行；做不到这一点，一对一很难判断错在哪，我们也不预测高考分数。未定课时包前不排长期课表。**待补充**：周测原卷。**正式建档摘要**：暂缓建档，待同意过程规范后再建。"
小沈,二年级,语文,沈妈妈,159****3347,1,周六上午,拼音巩固和看图写话,拼音整体认读易混（家长描述）。未做前测,2026-04-22,待补充,试听准备,已预约试听；未付款,"**需求画像**：二年级语文，每周1课时、周六上午，拼音巩固和看图写话，量小。**学情基线与教学起点**：无前测。整体认读易混只是家长描述。起点用少量拼音辨认和一幅图说3句，不一次教完写话结构。**诊断式试讲安排**（约30分钟，低年级）：1. 5分钟整体认读音节辨认，错了只标记不批评；2. 10分钟看图说出谁、在哪、做什么；3. 8分钟把3句话写下来或口述由老师记录，观察书写负担；4. 结尾只向家长反馈配合度和一个可练点。**待补充**：教材版本、是否已学完拼音、试听当天观察。**说明**：不承诺写话评分变化；预约确认由顾问人工完成，不自动发送；只用化名。"