年级,题目,已有尝试,解题引导
初一,"空气中含量最多的气体是哪一种？氧气大约占空气体积的百分之多少？氮气为什么常用作保护气？","我记得氧气大约是21%，但说不清含量最多的是氮气还是氧气。保护气只想到可以隔绝氧气。","题意是辨认空气的主要成分，并解释氮气作保护气的原因。氧气约占21%可以保留。卡点是把“能支持燃烧”当成“含量最多”。下一步先按体积把空气分成氮气、氧气和少量其他气体，比较哪种接近五分之四、哪种接近五分之一。再用“氮气化学性质稳定、不易与食物或金属反应”解释保护气，不要只写隔绝氧气。先说出含量顺序，再补一句性质依据。"
初二,"判断下列变化哪些属于化学变化：①冰雪融化 ②铁钉生锈 ③酒精挥发 ④蜡烛燃烧 ⑤玻璃打碎。","有新物质生成的才是化学变化，所以②和④是化学变化。但蜡烛燃烧时有蜡油流下，我不确定是不是整个过程都只是物理变化。","题意是按有没有新物质生成分类。②生成铁锈、④有燃烧产物，这两项的方向可以保留。卡点是把蜡烛的两个过程合成了一种变化。下一步把蜡烛拆开：蜡油流下是石蜡受热后的状态变化；烛芯处发光放热并生成新物质，才是化学变化。请用宏观现象分别描述①③⑤，再判断它们是否只改变了状态或形状。先不要给整支蜡烛只贴一个标签。"
初二,"实验室用高锰酸钾制取氧气。写出反应的文字表达式，并选择收集方法和验满方法。","氧气不易溶于水，所以可以用排水法收集。方程式和验满还没写。","题意包含反应、收集、验满三问。排水法这一判断可以保留。反应式尚未开始，先不直接给出配平结果。下一步先定物质：反应物是高锰酸钾，加热后除氧气外还有两种含锰固体。请按“反应物→生成物”写出文字表达式，再数左右两边钾、锰、氧是否对应。收集可再想：氧气密度比空气大，是否还有一种排空气方法。验满先回忆应把带火星的木条放在瓶口还是伸进瓶内，写出理由后再定。"
初二,"电解水实验中，与电源正极、负极相连的一端各得到什么气体？如何检验？",无,"你还没有写下判断，这里先不直接说出两种气体的名称。下一步先定物质：反应物是水，通电后生成两种单质气体。再看现象：正极一端气体体积较小，负极一端体积较大，大约是1:2。请根据体积关系先判断哪端是氧气、哪端是氢气，再各配一种检验思路。最后用元素守恒检查：水只含氢、氧，产物里不应出现新元素。"
初三,"反应2H2+O2→2H2O中，4 g氢气完全反应，需要氧气多少克？生成水多少克？","质量比我写成4:32:36，所以氧气32 g、水36 g。化学计量数是2、1、2，不知道还要不要再乘2。","题意是按化学方程式计算质量。相对分子质量比4:32:36的方向正确。卡点是重复使用计量数：4已经包含2×2，32是1×32，36是2×18，不要再乘一次。下一步把实际质量与这一质量比列成比例，分别求氧气和水。最后做质量守恒检验：参加反应的氢气与氧气质量之和，应等于生成水的质量。请先完成比例，再写检验结论。"
初三,"铁片、铜片分别放入稀盐酸和硫酸铜溶液中，预测现象并写出能发生的反应。","铁比铜活泼，铁能和稀盐酸反应，铜不能。铁放入硫酸铜会析出红色物质，但方程式写不出来。","活动性判断可以保留：铁排在氢和铜前面，铜不能置换出盐酸中的氢。卡点是现象还没落到符号。下一步先定物质：铁与盐酸生成亚铁盐和氢气，不要写成三价铁盐；铁与硫酸铜生成亚铁盐和铜。请把“气泡、溶液颜色、红色固体”分别对应到两组能反应的实验，再尝试配平。铜与稀盐酸这一组要明确写出不反应。最后核对原子种类和铁、铜的化合价变化。"
初三,"20 g氢氧化钠溶于80 g水，溶质质量分数是多少？再加入100 g水后变为多少？","第一次算成20/(20+80)=20%。第二次写成20/100，我觉得不对，因为又加水了。","题意是求溶解和稀释后的溶质质量分数。第一问溶质、溶液质量都找对了，20%可以保留。卡点是第二问的分母仍用加水前的溶液质量。只加水时溶质质量不变，溶液质量要加上后加的100 g。请重写第二问的分式，并检验稀释后的质量分数应小于原来的20%。先不要把两次的溶液质量混在同一个分母里。"
初三,"石灰石样品含碳酸钙80%，其余杂质不与酸反应。10 g样品与足量稀盐酸反应，理论上生成二氧化碳多少克？",无,"你还没有列式，先不直接给二氧化碳的质量。下一步先定物质：只有碳酸钙与盐酸反应，杂质不产生气体。请写出碳酸钙与稀盐酸的化学方程式，标出碳酸钙和二氧化碳的相对分子质量关系。再算样品中碳酸钙的质量，按质量比列比例。检验时注意：二氧化碳质量应小于样品中碳酸钙的质量，也不能按10 g全部都是碳酸钙计算。"
高一,"0.5 mol硫酸中含有多少个氧原子？这些硫酸的质量是多少？","质量算成0.5×98=49 g。氧原子数写成0.5×6.02×10^23，忘记每个硫酸分子有4个氧。","题意同时问宏观质量和微观粒子数。质量49 g这一步正确。卡点是把硫酸的物质的量直接当成氧原子的物质的量。下一步先写化学式H2SO4，数出1个分子中的氧原子个数，再计算氧原子的物质的量，最后乘阿伏伽德罗常数。检验单位：质量用g，粒子数用个。请把n(H2SO4)和n(O)分成两行，不要合并。"
高一,"写出盐酸与氢氧化钠、盐酸与碳酸钙、铜与硝酸银溶液反应的离子方程式。","盐酸和氢氧化钠写成H++OH-=H2O。碳酸钙写成CaCO3+2H+=Ca2++CO2↑+H2O，不确定碳酸钙能不能拆。第三个还没写。","前两式的拆分方向基本可用。可继续使用的规则是：易溶强电解质拆开，沉淀、气体、水和单质保留化学式，所以碳酸钙不拆。卡点是第三问尚未定物质。铜与硝酸银反应时，宏观上铜表面析出银、溶液变蓝；微观上铜变为铜离子，银离子变为银单质。请先写出第三个离子方程式，再检查三个式子左右电荷是否相等。先不要背“是不是离子反应”的结论，用有没有离子参与来判断。"
高一,"反应Zn+2HCl=ZnCl2+H2↑中，谁是氧化剂、谁是还原剂？电子如何转移？","锌化合价升高，是还原剂；氢离子化合价降低，盐酸是氧化剂。电子从锌转移到氢，但数目说不清。","化合价和氧化剂、还原剂的判断可以保留。卡点只在电子数目，不要重新怀疑物质角色。下一步标出Zn由0到+2、H由+1到0，据此判断每个锌原子失去的电子数，以及需要几个氢离子才能得到同样多的电子。氯的化合价不变，不写入电子转移。请用“失去的电子数=得到的电子数”检验后再标箭头。"
高二,"可逆反应N2+3H22NH3为放热反应。升高温度、增大压强、使用催化剂，平衡分别如何移动？","加压向气体分子数减少的正向移动；催化剂不改变平衡。升温后速率变快，我不知道平衡是否也正向移动。","压强和催化剂两问可以保留。卡点是把反应速率增大当成平衡正向移动。题干已说明正向放热，升温时正逆速率都增大，但平衡要单独向吸热方向判断。下一步先指出吸热方向是正向还是逆向，再写升温对平衡的影响；催化剂则写明同等加快正逆反应。请把“速率变化”和“平衡移动”分成两句话，避免混用。"
高二,"铜、锌和稀硫酸组成原电池。判断正负极、写出电极反应，并说明电子流动方向。","锌更活泼，作负极，Zn-2e-=Zn2+。铜作正极，我却写成铜失去电子，和铜片上产生气泡矛盾。","负极和锌的电极反应可以保留。卡点是正极材料与正极反应物被混成了同一种物质：铜只作导电电极，本身不失电子。下一步看电解质中的氢离子在铜表面得到电子，并用“铜片上有气泡、锌逐渐溶解”检验。电子由锌经导线流向铜，不是由铜流出。请改写正极反应，再核对负极失去的电子数与正极得到的电子数是否相等。"
高三,"反应H2(g)+I2(g)2HI(g)在某温度下K=50。起始时c(H2)=c(I2)=1 mol/L、c(HI)=0。判断反应方向；先说明能否列出转化率方程，不必求出数值。","Qc=0，小于K，所以正向进行。转化率我想设消耗x，但不知道式子怎么写。","浓度商判断正确：只有反应物时Qc小于K，净反应正向。设未知数的想法可以继续，但本题先不求数值。卡点是还没有把起始量、变化量和平衡量写成三段式。下一步设H2、I2各消耗x，HI生成2x，再根据K写出平衡浓度关系。检验x必须小于起始浓度1 mol/L，且方程只含一个未知数。确认能够列式即可，先不要解方程。"