操作,学员化名,目标时间,原课时间,时长分钟,科目,老师不可用时间段,处理建议
排课,小林,2026-04-07 16:00,,60,数学,周二14:00-15:30,待确认排课：小林目标2026-04-07 16:00数学60分钟。仅按登记可上课时间检查，且未落入老师不可用时段。请核对学段、记录状态、课时包总课时、剩余课时、待确认课时及到期日；不足或临近到期如实提示。确认前不写入课表、不扣减课时。
查看周课表,小周,2026-04-06 08:00,,,,,"周课表查询：按学员化名小周汇总2026-04-06所在周已登记课节。不改写课表、不扣减课时。请核对记录状态、剩余课时、待确认课时与到期日，不足或临近到期如实提示。"
冲突检测,小陈,2026-04-08 19:00,,90,英语,周四18:00-19:30,冲突检测：小陈目标2026-04-08 19:00英语90分钟。仅对照登记可上课时间及老师不可用时段，不写入课表、不扣减课时。与可上课时间不符或落入不可用时段则记冲突；课时不足或临近到期另行如实提示。
请假,小吴,,2026-04-09 17:00,60,语文,,待确认请假：小吴原课2026-04-09 17:00语文60分钟。确认前不删除课节、不扣减课时。请核对剩余课时、待确认课时与到期日，不足或临近到期如实提示。
补课,小郑,2026-04-11 10:00,2026-04-03 16:30,60,物理,周六14:00-16:00,待确认补课：小郑原课2026-04-03 16:30拟补至2026-04-11 10:00物理60分钟。仅按可上课时间检查，未落入老师不可用时段。确认前不写入课表、不扣减课时；课时不足或临近到期如实提示。
调课,小黄,2026-04-12 15:00,2026-04-10 18:00,45,化学,周日上午,待确认调课：小黄原课2026-04-10 18:00调至2026-04-12 15:00化学45分钟。仅按登记可上课时间及老师不可用时段检查。确认前不改写课表、不扣减课时；请核对剩余课时、待确认课时与到期日。
查询课时,小何,,,,,,课时查询：仅按学员化名小何核对课时包总课时、剩余课时、待确认课时及到期日。不改写课表、不扣减课时。具体数值以学员信息登记为准；不足或临近到期如实提示。
查询下一节课,小冯,,,,,,下一节课查询：按学员化名小冯在已登记课节中查找最近一节。不新增课节、不扣减课时。请同时提示记录状态，以及课时是否充足、是否临近到期。
排课,小许,2026-04-13 20:00,,60,编程,周一19:00-21:00,待确认排课：小许目标2026-04-13 20:00编程60分钟。仅按可上课时间检查；该时段落入老师不可用时间，建议改期后再确认。确认前不写入课表、不扣减课时。课时不足或临近到期如实提示。
冲突检测,小邓,2026-04-14 16:00,,60,数学,周二全天,冲突检测：小邓目标2026-04-14 16:00数学60分钟。仅按登记可上课时间及老师不可用（周二全天）判断；若为目标周二或超出可上课时间则记冲突。不写入课表、不扣减课时。
请假,小曹,,2026-04-15 19:30,90,英语,,待确认请假：小曹原课2026-04-15 19:30英语90分钟。确认前不变更课表、不扣减课时。请核对剩余课时与课时包到期日并如实提示。
调课,小彭,2026-04-18 09:30,2026-04-16 17:00,45,钢琴,工作日9:00-12:00,待确认调课：小彭原课2026-04-16 17:00调至2026-04-18 09:30钢琴45分钟。仅按可上课时间检查；目标落入老师不可用时段，建议另选时间。确认前不写入课表、不扣减课时；课时不足或临近到期如实提示。