设计类型,课题或单元,年级,教材版本,每节课分钟数,可用课时数,班额,班级学情,参考文件,教案草稿
课时教案,氧化还原反应,高一,人教版化学必修第一册,45,2,46,"多数学生能用得氧失氧描述氧化，约三分之一对化合价升降与电子转移对应不稳。A层可独立分析简单反应，B层需支架，C层易写反氧化剂与还原剂。上节课反馈：化合价口诀较熟，电子守恒错误率偏高。","人教版必修第一册第三章教学提示.pdf","# 氧化还原反应课时教案草稿（2课时，每课时45分钟）

## 闭环
宏观现象（颜色、析出类别）→微观（电子转移）→符号（化合价、氧化剂/还原剂）→回到宏观（腐蚀、漂白等现象类别）。

## 目标
1. 能由宏观现象提出是否属于氧化还原的问题。
2. 能用电子转移解释化合价升降。
3. 能在简单反应中标出氧化剂、还原剂。
4. 能把符号结论回扣到一类生活现象，不扩展操作。

## 第1课时
导入5分钟：呈现金属与盐溶液前后对比图。概念建构15分钟。提问链练习15分钟。板书回扣8分钟。小结2分钟。
提问链：看到的变化属于哪一类？化合价升还是降？谁失电子、谁得电子？谁是氧化剂？只看颜色能否确定电子数目？
板书：现象 | 化合价 | 电子 | 角色 | 宏观回扣。

## 第2课时
复习5分钟。分层练习20分钟：A层双线桥，B层填空支架，C层只判断升降与角色。错因讲评12分钟。宏观回扣8分钟。

## 实验位
教师演示或视频观察位1个。观察点：溶液颜色变化类别、是否有固体析出。安全等级：演示级，学生不接触试剂。不写操作流程。

## 标注
例题数据与配平结果需人工验算。本教案须由教师复核后使用。"
单元统筹,物质的量,高一,人教版化学必修第一册,40,6,45,"计算基础中等，单位意识弱，约40%学生把物质的量与质量直接等同。A层可做多步换算，B层单步稳定、多步易丢单位，C层对摩尔质量与气体摩尔体积易混。上单元反馈：化学方程式配平尚可，比例计算不稳。","物质的量单元课时分配表.xlsx","# 物质的量单元统筹草稿（6课时，每课时40分钟，班额45）

## 单元闭环
宏观：可称量的质量、可量取的体积 → 微观：微粒数目 → 符号：n、M、Vm、c 及单位 → 回到宏观：解释配制、称量、气体收集等情境中的数量关系（不写操作步骤）。

## 单元目标
1. 能说明物质的量是联系宏观与微观的桥梁。
2. 能正确使用 n=m/M、气体体积关系、c=n/V 的符号含义。
3. 能按课时完成分层换算，并检查单位。
4. 能把计算结果回扣到“取多少、含多少微粒”的宏观问题。

## 课时安排
第1课时：引入与摩尔。第2课时：摩尔质量。第3课时：气体摩尔体积（标准状况条件需教师核对教材表述）。第4课时：物质的量浓度概念。第5课时：简单换算综合。第6课时：单元检测与错因回授。
每课时留8分钟板书回扣，C层只完成单步并口头说单位。

## 提问链（贯穿）
这个量是宏观还是微观？符号代表什么？单位是什么？哪一步最容易把质量当成物质的量？算完后能回答原来的宏观问题吗？

## 板书母版
已知（宏观）→ 所选关系式 → 代入与单位 → 微粒或浓度含义 → 宏观结论。

## 实验位
浓度相关仅设“观察已配溶液标签与颜色类别”的观察位。安全等级：观察级，不安排学生配制。不提供配制流程。

## 标注
所有换算例题须人工验算。教案须由教师复核，尤其核对气体适用条件与教材版本表述。"
初高衔接,从质量守恒到物质的量,九年级升高一,人教版初中化学与高中必修第一册衔接,40,3,50,"初中方程式配平及格率约70%，但约一半学生不会从系数读出微粒个数比。计算停留在质量比，单位书写随意。分层：A层可独立完成质量比，B层需提示系数含义，C层对相对原子质量与式量易混。上节衔接课反馈：守恒意识有，比例意识弱。","初高衔接学情问卷汇总.docx","# 初高衔接：从质量守恒到物质的量（3课时，每课时40分钟）

## 闭环
宏观质量关系 → 微观系数与微粒个数 → 符号（化学方程式、式量、n） → 回到宏观“同样多的微粒对应的质量是否相同”。

## 目标
1. 能用初中质量守恒解释反应前后质量关系。
2. 能读出方程式系数的微观含义。
3. 能初步说出物质的量是计数单位，不要求完整多步换算。
4. 能把一个简单计算回扣到“谁更重、谁的微粒更多”的宏观比较。

## 课时
第1课时：复习质量守恒与系数，不引入新计算。第2课时：式量与“相同数目微粒”的质量比较。第3课时：用一个生活情境（如相同数目的两种颗粒谁更重）过渡到摩尔语言，只做单步感受。

## 提问链
系数“2”表示什么？质量比从哪里来？微粒数目相同，质量一定相同吗？高中为什么还要一个新的计数桥梁？

## 板书
质量（宏观）→ 系数（微观）→ 式量（符号）→ 数目相同则比较质量（回到宏观）。

## 实验位
无学生实验。可用密封样品对照观察位，观察点仅为外观与标签，安全等级：观察级。

## 标注
式量与例题须人工验算。教案须由教师按实际入学卷复核。 "
课时教案,离子反应,高一,人教版化学必修第一册,45,2,44,"电解质概念刚建立，约三分之一学生把“导电”与“有离子参加反应”混为一谈。A层能写简单离子方程式，B层拆分易错，C层不会判断沉淀、气体、弱电解质。上节课反馈：电离方程式正确率高于离子方程式。","离子反应课时任务单.docx","# 离子反应课时教案草稿（2课时，每课时45分钟）

## 闭环
宏观：溶液混合后的沉淀、气体或颜色类别 → 微观：自由移动离子 → 符号：电离方程式、离子方程式 → 回到宏观：解释“看起来有反应”与“只是离子共存”的差别。

## 目标
1. 能根据现象类别判断是否需要写成离子参与的反应。
2. 能说明离子方程式表示同一类离子行为。
3. 能在教师给出的拆分规则下完成简单离子方程式，并检查原子与电荷。
4. 能回扣到硬水、中和等宏观现象类别。

## 第1课时
现象分类10分钟。电离与实际参加反应的离子15分钟。提问链12分钟。板书与小结8分钟。
提问链：导电是否等于发生了离子反应？哪些微粒在溶液中自由移动？哪些应保留化学式？电荷为什么也要守恒？

## 第2课时
规则复述5分钟。分层书写25分钟：A层独立，B层给拆分提示，C层只选“拆或不拆”。讲评10分钟。宏观回扣5分钟。

## 板书
现象类别 | 自由离子 | 实际参加反应的离子 | 离子方程式 | 宏观意义。

## 实验位
教师演示观察位1个，或使用教材图片。观察点：是否出现沉淀或气泡类别。安全等级：演示级，学生不混合试剂。不提供操作流程。

## 标注
离子方程式例题须人工验算电荷与原子。教案须由教师复核。 "
单元统筹,元素周期表与元素周期律,高一,人教版化学必修第一册,45,5,42,"原子结构基础较稳，但半径、金属性与非金属性递变易记混。A层能结合族与周期预测，B层只会背口诀，C层分不清核电荷数与最外层电子数。上节课反馈：电子层排布正确率高，性质预测正确率低。","元素周期律单元目标细目表.xlsx","# 元素周期表与元素周期律单元统筹草稿（5课时，每课时45分钟）

## 闭环
宏观：金属/非金属的典型现象类别 → 微观：核电荷、电子层、最外层电子 → 符号：元素符号、原子结构示意图、周期与族 → 回到宏观：预测同主族性质递变的现象类别。

## 单元目标
1. 能根据原子序数定位周期和族。
2. 能用微观结构解释半径与得失电子倾向的递变方向。
3. 能用符号规范书写1～18号元素的简单结构信息（以教材范围为限）。
4. 能把递变结论回扣到“谁更易表现金属性或非金属性”的宏观比较，不延伸到制备。

## 课时
第1课时：周期表结构。第2课时：原子半径递变。第3课时：金属性与非金属性的宏观判据类别。第4课时：同主族比较。第5课时：单元小测与错因：位置、结构、性质三条线对不齐。

## 提问链
它在第几周期第几族？最外层电子数说明什么？比较的是同周期还是同主族？宏观上应看哪一类现象而不是背结论？

## 板书母版
位置 → 结构 → 递变方向 → 宏观现象类别。

## 实验位
如教材有金属与水或与酸的比较，仅设教师演示或视频观察位。观察点：反应剧烈程度的相对类别。安全等级：演示级或视频替代，学生不操作。不写操作流程与用量。

## 标注
结构示意图与递变例题须对照教材人工核对。教案须由教师复核。 "
课时教案,钠及其化合物,高一,人教版化学必修第一册,45,2,48,"金属活动性顺序记得住，但对“钠为什么保存在特定介质中”只能复述不能解释。A层能联系还原性，B层停留在现象描述，C层易把钠与钠离子性质混用。上节课反馈：氧化还原角色判断已有进步。","钠及其化合物安全观察清单.pdf","# 钠及其化合物课时教案草稿（2课时，每课时45分钟）

## 闭环
宏观：钠的保存状态、与水接触后的现象类别、焰色或溶液现象类别 → 微观：钠原子易失电子、钠离子与钠单质不同 → 符号：Na、Na+、相关化学方程式 → 回到宏观：解释保存与使用中的风险类别，不讲操作。

## 目标
1. 能区分钠单质与钠离子的宏观表现。
2. 能用失电子解释钠的还原性。
3. 能正确书写教材范围内的符号表达，并标注氧化剂与还原剂。
4. 能说出观察时的安全等级，不模仿未授权操作。

## 第1课时
保存状态图片导入8分钟。微观解释12分钟。符号建构15分钟。提问链与板书10分钟。
提问链：看到的是单质还是离子？谁失电子？现象类别说明还原性还是其他性质？为什么学生观察位不能替代教师演示？

## 第2课时
化合物性质分类：氧化物、氢氧化物、盐，只做性质类别与转化关系图，20分钟。分层题15分钟。安全回扣10分钟。

## 板书
保存现象 | Na 与 Na+ | 电子转移 | 方程式 | 安全等级与宏观用途类别。

## 实验位
实验位仅限教师在合规条件下的演示或官方视频。观察点：状态、相对位置变化、溶液现象类别。安全等级：较高，学生不接触金属钠，不安排学生实验。不提供切割、投放、用量或处置流程。

## 标注
方程式与现象结论须人工核对教材。教案须由教师复核，实验是否开设由学校规范决定。 "
课时教案,化学平衡的移动,高二,人教版化学选择性必修1,45,2,40,"平衡常数符号已学，但约45%学生把“速率变大”等同于“平衡一定正向移动”。A层能结合Q与K，B层只会背温度压强口诀，C层分不清浓度改变的是速率还是平衡。上节课反馈：平衡建立图像读图错误集中在平台段。","化学平衡移动学情小测.csv","# 化学平衡的移动课时教案草稿（2课时，每课时45分钟）

## 闭环
宏观：颜色深浅、气体体积或压强表现的变化类别 → 微观：正逆反应速率相对大小 → 符号：Q、K、勒夏特列表述 → 回到宏观：解释工业条件选择的方向，不涉及装置操作。

## 目标
1. 能区分“速率都变”与“平衡移动”。
2. 能用Q与K比较说明移动方向。
3. 能在给定反应中正确使用符号讨论温度、浓度、压强的影响类别。
4. 能把结论回扣到产率或现象类别，并说明催化剂不移动平衡。

## 第1课时
认知冲突8分钟：速率增大但颜色最终不变的情境。微观速率比较12分钟。Q与K符号15分钟。提问链10分钟。
提问链：两边速率如何变？Q与K谁大？平衡向哪边？宏观颜色最终为什么这样变？催化剂改变K吗？

## 第2课时
图像专练20分钟。分层：A层多条件叠加，B层单条件，C层只判断移动方向。讲评与板书回扣25分钟。

## 板书
条件 | v正与v逆 | Q与K | 移动方向 | 宏观现象类别。

## 实验位
可设密封体系颜色对照的观察位或模拟动画。观察点：颜色深浅的相对变化，不记录擅自改变条件的做法。安全等级：观察或模拟级。不提供实验操作流程。

## 标注
图像读数与Q计算须人工验算。教案须由教师复核。 "
单元统筹,烃,高二,人教版化学选择性必修3,40,8,38,"有机入门，结构简式书写错误率高，约一半学生不能由名称稳定推出碳架。A层能做简单同分异构计数，B层能识别官能团但命名不稳，C层把甲烷氯代与乙烯加成记混。上节课反馈：电子式尚可，空间结构弱。","烃单元课时地图.xlsx","# 烃单元统筹草稿（8课时，每课时40分钟）

## 闭环
宏观：状态、溶解性、燃烧与特征反应现象类别 → 微观：碳架、不饱和程度、空间结构 → 符号：分子式、结构式、结构简式、反应类型名称 → 回到宏观：解释气态液态、能否使某些试剂褪色等现象类别。

## 单元目标
1. 能按烷烃、烯烃、炔烃、芳香烃分类。
2. 能用结构解释典型反应类型，不要求书写制备路线。
3. 能规范使用结构简式，并检查碳的四价。
4. 能把符号差异回扣到物理性质与现象类别。

## 课时
第1–2课时：烷烃结构与命名入门。第3–4课时：烯烃与加成、取代的现象类别区分。第5课时：炔烃。第6–7课时：苯的结构与取代、加成条件类别（只讲条件类型，不讲操作）。第8课时：同分异构小测与错因。

## 提问链
饱和吗？碳满足四价吗？这个现象支持加成还是取代？结构不同会带来哪一类宏观差异？

## 板书母版
类别 | 结构特点 | 反应类型 | 现象类别 | 命名或简式检查。

## 实验位
燃烧或褪色类仅规划视频或教师演示观察位。观察点：火焰明亮程度类别、试剂颜色是否变化。安全等级：演示或视频级，学生不操作有机物与强氧化性试剂。不提供操作流程。

## 标注
命名、同分异构列举与方程式须人工验算。教案须由教师复核。 "
初高衔接,酸碱盐与离子观点,九年级至高一,人教版,40,2,52,"初中能背酸碱盐通性，但说不清“为什么能反应”。约60%学生把所有盐都写成易溶、易电离。A层可尝试拆分，B层能分类不会写离子，C层反应类型判断不稳。入学反馈：现象记忆强，微粒意识弱。","酸碱盐衔接诊断卷分析.pdf","# 初高衔接：酸碱盐与离子观点（2课时，每课时40分钟）

## 闭环
宏观：中和、沉淀、产气等现象类别 → 微观：酸、碱、盐在水中的微粒 → 符号：电离写法入门、保留化学式的情形 → 回到宏观：同一现象可能对应一类反应。

## 目标
1. 能用初中反应类型给现象归类。
2. 能说出溶液中可能存在的离子，并区分单质、离子与沉淀。
3. 能在支架下把一个熟悉反应改写成离子形式，检查电荷。
4. 能回扣“复分解反应发生条件”与微观粒子变化的对应。

## 课时
第1课时：用三个熟悉现象重走宏观到微观，不求全写。第2课时：一个沉淀、一个中和、一个不反应的对照，完成符号尝试与错因。

## 提问链
宏观上发生了哪类反应？水中真正自由的是谁？谁没有拆？这个写法代表的是一个反应还是一类反应？

## 板书
现象 | 初中反应类型 | 微粒 | 离子符号尝试 | 宏观条件回扣。

## 实验位
无新实验。可用已有现象照片。安全等级：无操作。不安排学生混合酸碱。

## 标注
例题须人工验算。教案须由教师按入学诊断复核。 "
课时教案,原电池,高二,人教版化学选择性必修1,45,1,41,"氧化还原基础较好，但约一半学生不能判断正负极。A层能写电极反应，B层能判断电子流向但离子移动易错，C层把“活泼金属一定作负极”绝对化。上节课反馈：电子转移方向正确率高于电极名称。","原电池模型图.png","# 原电池课时教案草稿（1课时，45分钟，班额41）

## 闭环
宏观：电流表偏转、电极现象类别 → 微观：电子定向移动与离子迁移 → 符号：负极氧化、正极还原、总反应 → 回到宏观：解释一种电池为什么能持续供电的条件类别。

## 目标
1. 能根据现象指出电子流出的一极。
2. 能说明离子移动是为了形成闭合回路，而不是电子在溶液中游动。
3. 能书写简单电极反应并与总反应对照。
4. 能指出“活泼金属不一定总是负极”的反例类型，避免绝对化。

## 环节（45分钟）
情境导入6分钟。模型拆解12分钟。提问链10分钟。符号练习12分钟。板书回扣5分钟。
提问链：指针说明电子从哪来？溶液里移动的是电子吗？哪一极发生氧化？总反应如何由两极加合？若电极材料改变，判断依据还是活泼性口诀吗？

## 板书
现象 | 电子方向 | 离子方向 | 电极反应 | 宏观供电条件。

## 实验位
水果电池或教材原电池仅设演示或视频观察位。观察点：电表是否偏转、电极表面现象类别。安全等级：低风险演示级，学生不拆解电源、不接触未知电极废液。不提供组装与接线操作流程。

## 标注
电极反应须人工验算电子与电荷。教案须由教师复核。 "
课时教案,氯及其化合物的性质认识,高一,苏教版化学必修第一册,45,2,43,"非金属性强弱有印象，但对氯气、氯水、氯离子三者混淆严重。A层能区分氧化性来源，B层能记现象不会归因，C层把漂白与消毒写成同一微粒。上节课反馈：离子符号书写有进步。","氯及其化合物观察要点（无操作）.docx","# 氯及其化合物的性质认识课时教案草稿（2课时，每课时45分钟）

## 闭环
宏观：颜色、溶解、漂白与消毒现象类别 → 微观：氯分子、次氯酸、氯离子的不同行为 → 符号：Cl2、HClO、Cl- 及相关方程式 → 回到宏观：解释为什么氯水与干燥氯气、食盐中的氯离子不能混为一谈。

## 目标
1. 能列出三种含氯粒子并对应不同宏观作用类别。
2. 能用得电子解释氯气的氧化性，不延伸制备。
3. 能在给定信息下完成简单符号表达并检查守恒。
4. 能说出观察活动的安全边界。

## 第1课时
概念区分15分钟。微观与符号15分钟。提问链10分钟。板书5分钟。
提问链：漂白的是哪一种粒子？食盐里的氯离子有氧化性吗？新制氯水与久置氯水的粒子类别可能有何不同？为什么不以学生实验呈现？

## 第2课时
化合物关系图15分钟：氯化氢、次氯酸、氯化物只建转化类别。分层判断题20分钟。安全与误区回扣10分钟。

## 板书
粒子 | 宏观作用类别 | 氧化性有无 | 符号 | 不能混淆的对象。

## 实验位
原则上使用视频或密封展示。若学校规范允许，仅为教师在通风条件下的演示观察位。观察点：气体颜色类别、湿润有色物质是否变化。安全等级：较高，学生不操作、不制备、不收集。不提供制取、吸收、用量或排放流程。

## 标注
方程式与粒子归因须对照教材人工核对。教案须由教师复核，实验取舍服从学校安全规范。 "
单元统筹,化学反应与热能,高二,鲁科版化学选择性必修1,40,4,36,"能量变化能判断放热吸热，但约40%学生把反应热与活化能混用，符号正负不统一。A层能读能量图，B层会计算但单位易错，C层分不清体系与环境。上节课反馈：热化学方程式状态标注遗漏多。","反应热单元错误清单.xlsx","# 化学反应与热能单元统筹草稿（4课时，每课时40分钟）

## 闭环
宏观：温度变化、燃料利用类别 → 微观：化学键断裂与形成的能量差 → 符号：ΔH、热化学方程式、能量图 → 回到宏观：解释为何要写状态、为何放热不等于反应一定容易发生。

## 单元目标
1. 能区分反应热与活化能。
2. 能根据断键吸热、成键放热定性判断能量差方向。
3. 能规范书写热化学方程式并检查系数与状态对ΔH的影响。
4. 能把符号回扣到保温、燃料选择等宏观问题类别。

## 课时
第1课时：体系、环境与吸放热。第2课时：化学键与反应热定性。第3课时：热化学方程式与能量图。第4课时：简单计算与错因：漏状态、系数与ΔH不同步、单位错误。

## 提问链
温度计反映的是体系还是环境的感受？断键与成键谁吸热？ΔH正负如何规定？系数扩大一倍，ΔH怎么变？放热是否说明不需要引发？

## 板书母版
宏观冷热 | 断键与成键 | ΔH与状态 | 能量图 | 宏观决策类别。

## 实验位
中和热或溶解热仅规划数据观察位，使用教材已有数据或教师提供的测量结果。观察点：温度变化方向。安全等级：若实施则教师演示级，本草案不提供量热操作流程。

## 标注
所有ΔH计算与热化学方程式须人工验算。教案须由教师复核。 "
课时教案,铁及其化合物,高一,人教版化学必修第一册,45,2,47,"氧化还原角色已能初步判断，但Fe2+与Fe3+的颜色、检验类别记忆混乱。A层能写相互转化，B层需给出氧化剂或还原剂提示，C层易把铁单质与亚铁离子混写。上节课反馈：离子方程式电荷检查仍不熟练。","铁的化合物转化关系图.pdf","# 铁及其化合物课时教案草稿（2课时，每课时45分钟）

## 闭环
宏观：溶液颜色类别、沉淀颜色类别 → 微观：Fe、Fe2+、Fe3+ 的电子与电荷差异 → 符号：相关离子方程式 → 回到宏观：解释检验与转化“看颜色不够，还要看粒子”。

## 目标
1. 能用颜色类别初步区分常见含铁粒子，并知道颜色不是唯一证据。
2. 能判断给定转化中谁被氧化、谁被还原。
3. 能书写简单离子方程式并检查电荷。
4. 能把转化关系回扣到补铁、除杂等宏观问题类别，不写工艺流程。

## 第1课时
三种粒子对比12分钟。转化方向12分钟。提问链与符号15分钟。小结6分钟。
提问链：颜色相同就能断定粒子吗？升价还是降价？电荷平了吗？这个转化在宏观上解决的是哪一类问题？

## 第2课时
转化关系图完善10分钟。分层练习25分钟。错因与板书回扣10分钟。

## 板书
粒子 | 颜色类别 | 升降价 | 离子方程式 | 宏观问题类别。

## 实验位
检验类仅设教师演示或视频观察位。观察点：溶液或沉淀的颜色类别。安全等级：演示级，学生不滴加试剂。不提供检验操作流程。

## 标注
离子方程式与转化方向须人工验算。教案须由教师复核。 "
单元统筹,水溶液中的离子反应与平衡,高二,人教版化学选择性必修1,45,7,39,"电离与平衡常数符号易混，约一半学生不会判断离子浓度大小。A层能做单一平衡，B层多重平衡易丢主反应，C层pH与酸碱性强弱对应不稳。上单元反馈：平衡移动方向判断已改善，定量计算弱。","水溶液平衡单元细目.docx","# 水溶液中的离子反应与平衡单元统筹草稿（7课时，每课时45分钟）

## 闭环
宏观：酸碱性、沉淀生成或溶解、颜色与电导类别 → 微观：弱电解质电离、离子结合、沉淀溶解平衡 → 符号：Ka、Kb、Kw、Ksp、pH → 回到宏观：解释同一溶液中多个平衡如何决定可观察结果。

## 单元目标
1. 能判断溶液中的主要粒子。
2. 能说明弱电解质电离与水的电离如何相互影响。
3. 能使用常数比较相对大小，并检查数量级与单位。
4. 能把符号结论回扣到“能否产生沉淀、酸碱性如何”的宏观判断。

## 课时
第1课时：弱电解质与电离平衡。第2课时：水的电离与pH。第3课时：盐类水解方向。第4课时：水解与酸碱性。第5课时：沉淀溶解平衡。第6课时：沉淀生成、溶解与转化的判断类别。第7课时：综合小测，重点查粒子浓度比较与常数使用条件。

## 提问链
谁是主要粒子？这个平衡被促进还是抑制？该用哪个常数？数量级是否合理？宏观上最终看得见的是沉淀、气体还是只是酸碱性变化？

## 板书母版
宏观现象类别 | 主要平衡 | 常数比较 | 粒子浓度顺序 | 宏观结论。

## 实验位
pH或沉淀对照仅用教师给定照片、试纸结果或视频。观察点：颜色类别、是否浑浊。安全等级：观察级。不提供配制、滴定或废弃流程。

## 标注
pH、常数与离子浓度例题须人工验算。教案须由教师复核，计算题勿直接下发。 "
课时教案,化学键,高一,人教版化学必修第一册,45,1,45,"微粒间作用力几乎是新概念。A层能区分离子键与共价键，B层能举例但说不清电子给还是共用，C层把分子间作用力与化学键混为一谈。上节课反馈：原子结构示意图正确率较高，可作支架。","化学键概念卡片.md","# 化学键课时教案草稿（1课时，45分钟）

## 闭环
宏观：熔沸点、溶解性、导电等性质类别 → 微观：原子如何结合成稳定微粒 → 符号：电子式、结构式入门 → 回到宏观：用键的类型解释一类物质为什么通常以晶体或分子形式存在。

## 目标
1. 能说出化学键是强烈的相互作用，并与分子间作用力区分。
2. 能判断典型离子化合物与共价分子中的结合方式。
3. 能尝试书写简单电子式，并检查最外层电子。
4. 能回扣“高熔沸点或易溶于水”只是线索，不能单凭一条性质定键型。

## 环节
导入6分钟：食盐与砂糖的性质类别对照。微观模型14分钟。符号练习15分钟。提问链与板书10分钟。
提问链：原子为什么要结合？电子是转移还是共用？电子式是否满足稳定结构？只用溶解性定键型会错在哪里？

## 板书
性质类别 | 微粒结合方式 | 电子式检查 | 不能单独作为证据的宏观线索。

## 实验位
无实验。可用模型或图片观察位。安全等级：无试剂。

## 标注
电子式例题须人工核对。教案须由教师复核。 "
课时教案,乙醇,高二,人教版化学选择性必修3,40,2,37,"烃的结构简式已基本会写，官能团概念刚起步。A层能识别羟基，B层能写分子式但催化氧化产物易错，C层把乙醇与乙烷、乙酸混写。上节课反馈：碳四价检查意识增强。","乙醇性质观察位说明.txt","# 乙醇课时教案草稿（2课时，每课时40分钟）

## 闭环
宏观：状态、水溶性、燃烧与催化氧化现象类别 → 微观：羟基与烃基 → 符号：结构简式、反应类型 → 回到宏观：解释酒类燃料与消毒情境中“有羟基才有这类性质”的界限，不写配方。

## 目标
1. 能指出乙醇的官能团并与乙烷比较。
2. 能说明羟基中的化学键如何决定与钠、氧化等反应类型的差异（以教材范围为限）。
3. 能书写结构简式并检查原子守恒。
4. 能把性质回扣到用途类别，并明确学生不进行相关操作。

## 第1课时
结构对比15分钟。与钠、与水的反应类型比较10分钟（只比较粒子与现象类别）。提问链与板书15分钟。
提问链：和乙烷差在哪个原子团？断的是哪类键？现象类别支持置换还是取代？结构简式碳是否四价？

## 第2课时
氧化与消去的条件类别对照15分钟，只讲“需要哪类条件”，不讲如何操作。分层练习15分钟。用途与安全回扣10分钟。

## 板书
结构 | 官能团 | 反应类型 | 现象类别 | 宏观用途类别。

## 实验位
燃烧或催化氧化仅视频或教师演示观察位。观察点：燃烧现象类别、铜丝颜色变化类别。安全等级：演示级，学生不接触乙醇进行加热。不提供操作流程与用量。

## 标注
方程式产物与结构简式须人工验算。教案须由教师复核。 "