学段,是否选考历史,材料与设问,学生作答,辅导需求,是否正在考试,辅导反馈
初中,否,"材料出自《史记·商君列传》：商鞅变法“废井田，开阡陌”，奖励耕战，建立县制。设问：结合材料说明商鞅变法对秦国的影响。","让秦国变强了，后来统一了六国。",解题引导,否,"先看出处：《史记》是后世史家记述，可作重要依据，但结论要回到材料中的措施。你已有“变强”这一方向，先不要把“统一六国”写成材料直接结果。请自列三步：抽出材料里的三项措施；分别写它们改变了土地、军队还是地方管理；再用“因此秦国……”写出短期影响。统一六国只作为后续联系，单独成句并标明不是材料直接写明的内容。先列出三项措施。"
初中,否,"材料列出《南京条约》主要内容：割香港岛给英国、赔款、五口通商、协定关税。设问：为什么说鸦片战争是中国近代史的开端？","因为中国打了败仗，死了很多人，所以近代史开始了。",错因分析,否,"主要错因是审题标准偏了：题目问的是“开端”的标志意义，不是战争是否惨烈。战败和伤亡不能解释社会性质为何改变。请对照条约四项内容，分别想清破坏了哪项主权，再联系所学：战前是独立的封建社会，战后开始沦为半殖民地半封建社会。练法：做“条约内容—主权丧失—社会性质”三列表，把《南京条约》先填完，不写战斗过程。先改因果句，不必一次写成标准答案。"
初中,否,"材料记载1919年5月4日北京学生游行，口号有“外争主权，内除国贼”。设问：这则材料能否说明五四运动只是学生运动？请说明理由。","能。因为材料里只写了学生游行。",史料辨析,否,"先读时间：材料只覆盖5月4日当天，属于运动初期的记载。它能支持“初期有学生游行及该口号”，不能仅凭这一则推出“运动只有学生参加”。请分两栏：材料直接说明的内容；材料未涉及、需要结合所学补充的参加者与后续阶段。先完成两栏，先不要写最终判断句。"
初中,否,"材料概述中央红军离开中央革命根据地后，面对围追堵截、严酷自然条件和物资匮乏。设问：长征途中红军克服了哪些困难？这些困难说明了什么？","（未作答）",解题引导,是,"你正在考试，我不能讲解这道原题，也不能提供提示或思路。请独立作答。考试结束后把材料和你的答案发来，我们再复盘。"
高中,是,"材料为王安石《上仁宗皇帝言事书》中的判断：当时内不能无以社稷为忧，外不能无惧于夷狄。设问：材料反映北宋哪些统治危机？变法中哪些措施与之对应？","北宋很穷，王安石想改革。",解题引导,否,"这是改革派自己的上书，反映的是他眼中的危机，不宜当成唯一的客观统计。按选考要求先做对应，先不写完整结论。请圈出材料中的“内”“外”，分别检索你学过的财政与边防问题；再从青苗、募役、保甲、将兵等措施中各选一项，写成“针对什么—措施—如何针对”。先写两组。"
高中,是,"材料一：李鸿章说中国欲自强，莫如学习外国利器。材料二：郑观应批评只学技术是遗其体而求其用。设问：两则材料看法有何不同？其中哪一则可直接证明洋务运动失败？","材料二更能证明失败，因为他说得对。",史料辨析,否,"先辨类型：材料一是洋务派自述动机，材料二是早期维新派的批评，都是主张，不是事后成败的统计。比较时先分别概括“主张学什么、不主张学什么”，不要先判谁对。一则批评不能直接证明运动失败；证明失败应另找战争结果、企业处境等结果证据。请把“观点材料”和“结果证据”分列后再改第二小问，先不写成段结论。"
高中,否,"材料为1912年《中华民国临时约法》的规定：中华民国主权属于国民全体，参议院、临时大总统、国务员、法院行使统治权。设问：约法体现了什么原则？有何意义？","体现了民主，很先进，所以革命完全成功了。",解题引导,否,"按合格考深度，抓住核心概念即可，不必展开争议。法律文本能说明“规定了什么”，不能单独证明“革命完全成功”。请从材料抽出主权归属和权力结构两个关键词，各用自己的话转述一句；意义只写对君主专制的冲击。删掉材料不能支持的绝对化判断。先改原则两句。"
高中,否,"材料：1953年周恩来提出和平共处五项原则。设问：写出其主要内容，并简述影响。","就是互相不打仗，后来中国和所有国家都友好了。",错因分析,否,"按合格考要求看，主要错因有两处：内容被缩成“不打仗”，五项原则不完整；影响写成“和所有国家都友好”，范围绝对化。教材层次的影响应落到处理国与国关系的基本准则和扩大中国国际影响，不要写绝对化结果。练法：合上书默写五项原则全称，再另写一句不带“所有”的影响。先自己默写，这次不代写标准答案。"
高中,是,"材料显示康有为借孔子改制来宣传变法。设问：这反映维新派思想宣传有何特点？原因是什么？","说明康有为是儒家，反对学习西方。",错因分析,否,"主要错因是把“借用传统形式”读成了“思想实质反对西方”。材料只能说明宣传策略；结合所学，维新派主张君主立宪、兴民权，与“反对学习西方”相反。请重做两步：特点只根据材料写“如何宣传”；原因从当时士大夫对孔子和经典的态度思考为何要托古。先写特点一句和原因关键词。练法：以后遇“托古”材料，分“形式”和“真实主张”两栏，避免把形式当实质。"
高中,是,"材料综述学界对明清“资本主义萌芽”的不同看法。设问：你如何评价“明清已出现资本主义萌芽”这一说法？请结合史料类型说明。","同意。",史料辨析,是,"你正在考试，我不能讲解原题，也不能评价这一说法或提供答题提示。请按试卷要求独立完成。考后可以拿材料和答卷来复盘史料与结论的关系。"
初中,否,"材料：1978年中共十一届三中全会决定把党和国家工作中心转移到经济建设上来，实行改革开放。设问：这次会议有何历史意义？","会议决定打仗，开始改革开放，中国马上成为发达国家。",错因分析,否,"主要错因：一是与材料相反，材料说的是工作中心转到经济建设，不是决定打仗；二是意义夸大成“马上成为发达国家”。请先用材料原意改写“会议决定了什么”，删掉写反的话。初中层次的意义保留“伟大转折”和“开启改革开放新时期”即可，不写材料没有的结果。练法：先抄材料关键词，再下结论。先改“决定了什么”这一句。"
高中,否,"材料介绍1950年中国人民志愿军赴朝作战的背景与结果。设问：抗美援朝的主要意义是什么？","中国打败了所有敌人，从此没有战争了。",解题引导,是,"你正在考试，我不能讲解这道原题，也不能提示意义的写法和纠错方向。请独立完成。考试结束后再把材料、设问和作答发来，我们按合格考要求复盘。"