学段,学科,班级,测评数据文件,学情分析报告
小学中段,数学,三年级2班,三年级2班数学第三单元测评.xlsx,"## 三年级2班数学学情分析

**样本与证据限制**：有效样本 n=42（应考 44，缺考 2）。数据含「逐题得分」「题号-知识点映射」两表，另有上一次单元测总分可对比。未提供选项分布与作答过程，故不计算信度，区分度仅作描述、不作推断。

### 班级成绩分布
满分 100。均分 78.6，中位数 80，标准差 11.4。90–100：8 人（19%）；80–89：16 人（38%）；70–79：11 人（26%）；60–69：5 人（12%）；60 以下：2 人（5%）。与上次单元测（均分 74.2，n=43）相比，均分上升 4.4，低分段由 6 人减至 2 人。

### 逐题统计
| 题号 | 满分 | 得分率 | 对应知识点 |
| --- | --- | --- | --- |
| 1–4 | 16 | 91% | 万以内数的读写 |
| 5–7 | 18 | 84% | 加减估算 |
| 8–10 | 24 | 62% | 三位数乘一位数竖式 |
| 11–12 | 20 | 58% | 乘加混合与进位 |
| 13 | 12 | 71% | 简单应用（求一个数的几倍） |
| 14 | 10 | 47% | 两步应用（先乘后减） |

### 知识点弱项
弱项集中在「连续进位乘法」与「两步应用题」。第 8–10 题错因以进位漏记、积的位数写错为主；第 14 题约一半学生只完成一步。读写与估算相对稳定。

### 学生分层
- A（90+，8 人）：可做变式与讲题。
- B（75–89，20 人）：计算基本正确，应用题审题不稳。
- C（60–74，12 人）：竖式进位不熟练。
- D（60 以下，2 人）：口算与数位概念均薄弱，需个别辅导。

### 讲练测调整建议
下一课用 8 分钟专练「连续进位」对照纠错；应用题先圈条件再列式，不新增大题量。周测只保留 2 道两步应用，其余改为竖式订正。D 层课后 10 分钟口算，不增加纸笔作业。"
小学中段,语文,四年级1班,四年级1班语文期中测评.xlsx,"## 四年级1班语文期中学情分析

**样本与证据限制**：有效样本 n=46（全体提交）。含逐题得分与知识点映射；有开学摸底总分（n=46）可对比。作文为等级分换算，不单独做区分度或信度。

### 班级成绩分布
满分 100。均分 81.2，中位数 82。90+：12 人；80–89：18 人；70–79：11 人；60–69：4 人；60 以下：1 人。摸底均分 76.5，本次上升 4.7，主要来自字词与课内阅读。

### 逐题统计
| 题块 | 满分 | 得分率 | 知识点 |
| --- | --- | --- | --- |
| 字词 | 20 | 88% | 易错字、近义词 |
| 课内阅读 | 18 | 79% | 内容理解、词句赏析 |
| 课外阅读 | 22 | 64% | 信息提取、概括段意 |
| 语言运用 | 15 | 71% | 修改病句、关联词 |
| 习作 | 25 | 73% | 记叙完整、细节 |

### 知识点弱项
课外阅读「概括段意」得分率最低，多数答案抄原句、缺归纳。关联词填空对「虽然…但是…」「不但…而且…」混淆仍较多。习作结构完整，但人物动作细节偏少。

### 学生分层
A 层 12 人可做课外短文互评；B 层 22 人阅读能找信息、不会概括；C 层 11 人课内稳、课外失分；D 层 1 人字词与阅读均弱。

### 讲练测调整建议
每日 1 篇 200 字短文，只练「用自己的话写段意」；关联词用对比例句，不扩展语法术语。习作讲评聚焦一个动作细节。下周小测不考作文，只测概括与关联词。"
小学高段,数学,五年级3班,五年级3班数学月考.xlsx,"## 五年级3班数学月考学情分析

**样本与证据限制**：有效样本 n=40。两表齐全，并有上月月考逐题数据（n=39，1 人转入未计入对比）。无原始选项，不报告信度。

### 班级成绩分布
满分 100。均分 76.1，中位数 77，标准差 13.2。分数段：90+ 6 人，80–89 12 人，70–79 11 人，60–69 7 人，60 以下 4 人。上月均分 79.4，本次下降 3.3，下降主要来自分数运算题块。

### 逐题统计
| 题号 | 得分率 | 知识点 | 较上月 |
| --- | --- | --- | --- |
| 1–5 | 90% | 小数意义与读写 | +2pct |
| 6–9 | 68% | 小数加减 | 6pct |
| 10–12 | 54% | 小数乘整数 | 新内容 |
| 13–14 | 61% | 简便运算 | 4pct |
| 15 | 49% | 小数应用（单价×数量） | 新内容 |

### 知识点弱项
小数乘法对位与积的小数点定位是当前最弱项；简便运算中乘法分配律逆用错误增多。小数读写保持稳定。

### 学生分层
A 6 人；B 18 人（计算偶发小数点错误）；C 12 人（乘法竖式未过关）；D 4 人（小数加减仍不稳）。与上月相比，2 人由 B 降至 C，均因乘法新知。

### 讲练测调整建议
暂停新课半节，专练「积的小数位数」口诀对照。简便运算只复现已学定律，不叠加凑整。C/D 层用错题重做而非加量。下次测以乘法竖式 6 题+应用 1 题为主。"
小学高段,英语,六年级1班,六年级1班英语期中.csv,"## 六年级1班英语期中学情分析

**样本与证据限制**：有效样本 n=38。文件含逐题得分与知识点映射；无听力音频回放记录，听力只按得分描述。有五年级下期末总分（n=36，2 人为转入）可粗比，题型不同，仅比总分。不计算信度。

### 班级成绩分布
满分 100。均分 74.8，中位数 76。90+：5；80–89：10；70–79：12；60–69：7；60 以下：4。五年级下期末可比样本均分 77.1，本次低 2.3，主要差在阅读。

### 逐题统计
| 题块 | 满分 | 得分率 | 知识点 |
| --- | --- | --- | --- |
| 听力选择 | 20 | 81% | 日常对话主旨 |
| 词汇 | 15 | 76% | 现在完成时标志词 |
| 语法填空 | 20 | 58% | have/has done、since/for |
| 阅读 | 25 | 62% | 细节与推断 |
| 写作 | 20 | 70% | 邮件格式与时态 |

### 知识点弱项
现在完成时与 since/for 搭配是全班弱项；阅读推断题得分低于细节题约 15 个百分点。听力与邮件格式相对稳定。

### 学生分层
A 5 人可做时态讲评助手；B 16 人词汇可、语法不稳；C 13 人阅读慢；D 4 人词汇与语法均弱。

### 讲练测调整建议
用「时间线」图讲 since/for，每课 6 句替换练习。阅读只练「文中依据句」标注，不增加篇数。写作维持邮件体，要求至少 2 处完成时。D 层先补不规则动词表。"
小学高段,科学,五年级2班,五年级2班科学实验测评.xlsx,"## 五年级2班科学实验测评学情分析

**样本与证据限制**：有效样本 n=41。含操作观察分与纸笔分两表，知识点映射已给出。无历史测评。观察分由 1 名教师记录，存在评分者主观性，不报告信度与区分度。

### 班级成绩分布
满分 50（操作 30+纸笔 20）。均分 36.4。40+：14 人；32–39：16 人；25–31：8 人；25 以下：3 人。

### 逐题统计
| 项目 | 得分率 | 知识点 |
| --- | --- | --- |
| 器材选择 | 86% | 溶解实验器材 |
| 变量控制 | 57% | 控制水量与搅拌次数 |
| 记录表 | 63% | 实验记录完整性 |
| 结论表述 | 52% | 由数据得结论 |
| 纸笔解释 | 68% | 溶解快慢因素 |

### 知识点弱项
「控制变量」与「由数据写结论」最弱。多数学生能说出「搅拌会加快溶解」，但记录表缺对照组。

### 学生分层
A 14 人可担任小组记录员；B 16 人操作正确、结论口语化；C 8 人变量意识弱；D 3 人器材与记录均需陪同。

### 讲练测调整建议
下一实验强制填写「改变的量/不变的量」两栏再动手。结论句式限定为「在…相同的条件下，…」。不增加纸笔题，用一次对照实验复测变量控制。"
初中,数学,七年级4班,七年级4班数学期中.xlsx,"## 七年级4班数学期中学情分析

**样本与证据限制**：有效样本 n=45。逐题得分与知识点映射齐全；有入学诊断总分（n=45）。客观题无选项分布，不计算信度；区分度不作统计推断。

### 班级成绩分布
满分 120，折合百分比较。原始均分 86.4（约 72%），中位数 88。108+：6 人；96–107：11 人；84–95：13 人；72–83：9 人；72 以下：6 人。入学诊断百分制均分约 68，本次约 72，有小幅提升。

### 逐题统计
| 题块 | 得分率 | 知识点 |
| --- | --- | --- |
| 有理数运算 | 84% | 负数、乘方 |
| 代数式 | 77% | 同类项 |
| 一元一次方程 | 61% | 去分母、去括号 |
| 几何初步 | 69% | 角、线段中点 |
| 应用题 | 48% | 行程与工程 |

### 知识点弱项
去分母漏乘项、应用题等量关系找不到是主要失分点。有理数运算整体稳定，个别学生符号错误仍多。

### 学生分层
A 6 人；B 20 人（方程会解、应用题弱）；C 13 人（去分母易错）；D 6 人（有理数未过关，方程不宜加量）。

### 讲练测调整建议
方程课用「漏乘项」错例对照，每天 4 题限时。应用题先写等量关系再列方程，本周不讲新题型。D 层回补有理数符号，不参与行程难题。下次测方程与应用各半，几何维持原难度。"
初中,语文,八年级1班,八年级1班语文阅读专项.xlsx,"## 八年级1班语文阅读专项学情分析

**样本与证据限制**：有效样本 n=43。仅阅读专项（无作文）。含逐题得分与知识点映射；有上学期期末阅读题块分（n=41）可对比。主观题为教师单人评分，不报告信度。

### 班级成绩分布
满分 60。均分 38.7，中位数 39。48+：7 人；42–47：12 人；36–41：13 人；30–35：8 人；30 以下：3 人。上学期阅读题块折合同分制约 36.2，本次 +2.5。

### 逐题统计
| 题号 | 得分率 | 知识点 |
| --- | --- | --- |
| 1–2 | 82% | 字词与内容复述 |
| 3 | 64% | 说明方法及作用 |
| 4 | 51% | 论证思路 |
| 5 | 46% | 词句含义（上下文） |
| 6 | 58% | 概括观点 |

### 知识点弱项
议论性文本的论证思路与词句语境义最弱。说明方法能辨认，但「作用」常只写术语、不结合文本。

### 学生分层
A 7 人可做范文标注；B 18 人信息提取可以、分析不足；C 15 人文体特征混淆；D 3 人读完仍无法概括观点。

### 讲练测调整建议
用一篇短议论文画「观点—论据—结论」结构图，不增加篇数。词句题要求先抄依据句再解释。说明文作用答案给句式支架。下周小测只考思路图与 1 道词句题。"
初中,英语,九年级2班,九年级2班英语模拟考.xlsx,"## 九年级2班英语模拟考学情分析

**样本与证据限制**：有效样本 n=39。两表齐全，并有一模逐题数据（n=39）。写作与听分为教师/机器分，混合评分，不计算整卷信度。

### 班级成绩分布
满分 120。均分 79.5，中位数 81。96+：4 人；84–95：10 人；72–83：13 人；60–71：8 人；60 以下：4 人。一模均分 74.8，本次 +4.7，听力与完形提升，阅读保持。

### 逐题统计
| 题块 | 得分率 | 较一模 | 知识点 |
| --- | --- | --- | --- |
| 听力 | 78% | +6pct | 细节与意图 |
| 语法选择 | 71% | +3pct | 时态、从句 |
| 完形 | 66% | +5pct | 语境词 |
| 阅读 | 60% | 0 | 主旨、推断、词义 |
| 写作 | 64% | +2pct | 观点与连接词 |

### 知识点弱项
阅读推断与主旨仍是瓶颈；定语从句关系词在语法选择中错误集中。听力短对话已改善，长对话细节仍丢分。

### 学生分层
A 4 人；B 17 人（语法可、阅读限时不够）；C 14 人（从句与写作连接弱）；D 4 人（词汇量限制整卷）。

### 讲练测调整建议
阅读改为「限时 7 分钟+依据句」而非加篇。定语从句只练 who/which/that 三类。写作每篇强制 3 个连接词。D 层以高频词替换练习为主，不要求长篇写作加量。"
初中,物理,八年级3班,八年级3班物理单元测.xlsx,"## 八年级3班物理单元测学情分析

**样本与证据限制**：有效样本 n=44。含逐题得分与知识点映射；无历史可比卷（本单元为新授）。实验题为纸笔，不能代表真实操作。不计算信度。

### 班级成绩分布
满分 100。均分 73.2，中位数 74，标准差 12.8。90+：5；80–89：12；70–79：14；60–69：8；60 以下：5。

### 逐题统计
| 题号 | 得分率 | 知识点 |
| --- | --- | --- |
| 1–6 | 88% | 长度与时间单位 |
| 7–10 | 74% | 速度公式变形 |
| 11–12 | 55% | 平均速度实验设计 |
| 13 | 49% | 图像（s-t） |
| 14 | 62% | 参照物 |

### 知识点弱项
s-t 图像斜率为速度、平均速度需总路程/总时间，这两点失分最集中。单位换算整体较好。

### 学生分层
A 5 人；B 20 人（公式会代、图像不熟）；C 14 人（实验步骤顺序乱）；D 5 人（单位与公式均不稳）。

### 讲练测调整建议
用同一组数据分别画 s-t 并求平均速度，课上只讲 2 例。实验设计用排序题代替新计算。D 层先过单位换算再进入图像。下次测图像与平均速度占 40%，不提前引入速度合成。"
初中,化学,九年级1班,九年级1班化学期中.xlsx,"## 九年级1班化学期中学情分析

**样本与证据限制**：有效样本 n=42。逐题与知识点映射齐全；有月考总分（n=42）可对比，题量不同，只比百分制。实验题为纸笔。不报告信度与区分度。

### 班级成绩分布
满分 100。均分 75.9，中位数 77。90+：7；80–89：12；70–79：13；60–69：7；60 以下：3。月考百分制均分 71.4，本次 +4.5。

### 逐题统计
| 题块 | 得分率 | 知识点 |
| --- | --- | --- |
| 基本概念 | 86% | 物理变化/化学变化 |
| 化学用语 | 63% | 元素符号、化学式 |
| 计算 | 58% | 相对分子质量、质量分数 |
| 实验 | 67% | 氧气制取装置选择 |
| 推断 | 52% | 物质鉴别 |

### 知识点弱项
化学式书写（角标、括号）与物质鉴别流程最弱。概念判断较稳。质量分数计算约三分之一学生分子分母颠倒。

### 学生分层
A 7 人；B 18 人（用语偶错、计算不稳）；C 14 人（化学式未过关）；D 3 人（概念与用语都需回补）。

### 讲练测调整建议
每天 8 个化学式默写+即时订正，连续一周。鉴别题用「现象→结论」表格，不增加推断链长度。质量分数只练一种题型直至正确率过 80%。D 层不进入多步计算。"
小学中段,英语,三年级1班,三年级1班英语形成性评价.xlsx,"## 三年级1班英语形成性评价学情分析

**样本与证据限制**：有效样本 n=40。评价含听力、口语示范跟读与纸笔，知识点映射已附。无历史成绩。口语由班主任按等级记录，主观性强，不计算信度或区分度。

### 班级成绩分布
满分 50。均分 39.1。45+：11 人；38–44：16 人；30–37：9 人；30 以下：4 人。

### 逐题统计
| 题块 | 得分率 | 知识点 |
| --- | --- | --- |
| 听力指认 | 90% | 颜色、文具词汇 |
| 跟读 | 78% | 单词发音 |
| 句子匹配 | 72% | This is / I have |
| 书写 | 61% | 字母大小写与词形 |

### 知识点弱项
字母大小写与单词拼写是纸笔弱项；听力词汇识别良好。句子匹配中 a/an 选择错误较多。

### 学生分层
A 11 人可做小老师领读；B 18 人听读可以、书写慢；C 7 人词形不稳；D 4 人听指认也不稳定，需座位前移与重复输入。

### 讲练测调整建议
书写只抓 10 个核心词的抄写与听写，不扩展词表。a/an 用实物指认，每课 5 次。口语维持跟读，不要求自由输出长句。下周只测听写与指认。"
小学高段,语文,六年级2班,六年级2班语文仅总分.csv,"## 六年级2班语文学情分析（仅总分）

**样本与证据限制**：有效样本 n=44，文件只有学生总分，无逐题得分，无题号-知识点映射，无历史测评。因此只分析分数分布与分层。不推断知识点弱项，不计算或描述区分度与信度。

### 分数分布
满分 100。均分 80.4，中位数 81，最高 96，最低 54，标准差 9.6。
- 90–100：9 人（20%）
- 80–89：17 人（39%）
- 70–79：12 人（27%）
- 60–69：5 人（11%）
- 60 以下：1 人（2%）

分布偏高，低分段人数少，但 70–79 与 60–69 合计 17 人，中间层仍厚。

### 学生分层（仅按总分）
- A：90 分及以上，9 人
- B：80–89 分，17 人
- C：70–79 分，12 人
- D：70 分以下，6 人

### 说明
在补齐逐题得分与知识点映射之前，不能提出针对具体知识点的讲练测调整，也不能与历史测评对比。建议下次导出两张表后再做弱项分析。"
初中,数学,七年级1班,七年级1班数学仅总分.csv,"## 七年级1班数学学情分析（仅总分）

**样本与证据限制**：有效样本 n=48。数据仅有本次测验总分，没有逐题得分表，也没有题号到知识点的映射；无历史成绩。按规定只做分数分布与分层，不推断知识点弱项，不讨论区分度或信度。

### 分数分布
满分 100。均分 71.8，中位数 73，最高 98，最低 41，标准差 14.1。
- 90–100：5 人（10%）
- 80–89：12 人（25%）
- 70–79：14 人（29%）
- 60–69：10 人（21%）
- 60 以下：7 人（15%）

低分尾部较长，60 分以下占 15%，班内差异大于「只看均分」所显示的程度。

### 学生分层（仅按总分）
- A：90 分及以上，5 人
- B：75–89 分，18 人
- C：60–74 分，18 人
- D：60 分以下，7 人

### 说明
缺少题目证据，不能判断失分来自计算、方程还是应用，也不能提出分知识点的讲练调整。若需弱项分析，请补充逐题得分与知识点映射两张表。"
小学中段,数学,四年级3班,四年级3班数学单元测含历史.xlsx,"## 四年级3班数学单元测学情分析

**样本与证据限制**：有效样本 n=43（缺考 1）。含逐题得分与知识点映射；历史数据为两周前同单元练习总分（n=43），题量较少，只对比总分与及格率，不对比逐题。无选项分布，不计算信度。

### 班级成绩分布
满分 100。均分 82.0，中位数 83。90+：13 人；80–89：15 人；70–79：9 人；60–69：5 人；60 以下：1 人。两周前练习均分 76.8、及格率 86%；本次及格率 98%，均分 +5.2。

### 逐题统计
| 题号 | 得分率 | 知识点 |
| --- | --- | --- |
| 1–3 | 93% | 直线、射线、线段 |
| 4–6 | 85% | 角的度量 |
| 7–8 | 66% | 平角、周角换算 |
| 9 | 59% | 画指定度数的角 |
| 10 | 72% | 角的和差 |

### 知识点弱项
画角与平角/周角换算得分率最低。量角基本会，但内外刻度读反在第 9 题重复出现。线段概念题稳定。

### 学生分层
A 13 人；B 17 人（量角可、画角不稳）；C 12 人（刻度读反）；D 1 人（度量工具使用需个别演示）。历史练习中不及格的 6 人，本次 5 人已到 60 分以上。

### 讲练测调整建议
用「0 刻度对齐哪条边」口令练画角，每节 3 个角，不增加综合题。平角周角只做换算口算。D 层由教师一对一演示量角器，不布置额外试卷。下次小测只考画角与换算。"
初中,英语,八年级2班,八年级2班英语月考.xlsx,"## 八年级2班英语月考学情分析

**样本与证据限制**：有效样本 n=41。逐题得分与知识点映射齐全；有上月月考对应题块（n=40，1 人病假不计入对比）。写作单人评分，不报告整卷信度。

### 班级成绩分布
满分 100。均分 77.3，中位数 78。90+：6；80–89：13；70–79：12；60–69：7；60 以下：3。上月均分 73.6，本次 +3.7。

### 逐题统计
| 题块 | 得分率 | 较上月 | 知识点 |
| --- | --- | --- | --- |
| 听力 | 80% | +4pct | 学校话题细节 |
| 单项选择 | 74% | +2pct | 比较级、过去进行时 |
| 完形 | 69% | +5pct | 上下文用词 |
| 阅读 | 63% | +1pct | 细节、主旨 |
| 写作 | 71% | +3pct | 日记格式与过去时 |

### 知识点弱项
阅读主旨题仍弱于细节题；过去进行时与 when/while 搭配错误集中在单项选择后 5 题。比较级拼写（重读闭音节双写）零星出错。

### 学生分层
A 6 人；B 19 人；C 13 人（时态规则知道但不会用在语篇）；D 3 人（词汇限制听力与阅读）。上月 D 层 5 人，本次 2 人升入 C。

### 讲练测调整建议
when/while 用时间轴各练 4 句，不讲新时态。阅读每篇只追问主旨一句。比较级双写列 6 个词滚动听写。D 层补单元词表，写作降为 5 句日记。下次月考前小测只覆盖过去进行时与主旨。"