题目,题目图片,学段,求助,已有思路,解题辅导
"解方程：2x + 5 = 17",,"初中","卡住了",,"你先别急。这道方程我先不讲，也不给答案。

你试到哪一步了？是还没动笔，还是已经在移项？把你写下的式子发我。"
"计算：(-3)^2 + (-2)^3",,"初中","做错了","我算的是 (-3)^2 = -9，(-2)^3 = -8，所以 -9 + (-8) = -17","先看你写的第一步：(-3)^2 = -9。后面的加法先不要管。

这一步是怎么得到的？你是把负号单独留下、只平方了 3，还是把底数当成了 -3？"
"化简：2(a + 3) - 3(a - 1)",,"初中","做错了",,"你说做错了，但我还没看到你的过程，所以先不改，也不讲。

你试到哪一步了？把你写的去括号那一步发过来。"
"已知 f(x) = 2x - 1，求 f(3)",,"高中","不知道怎么列式",,"这道求函数值的题，我先不列式，也不给结果。

你试到哪一步了？是不知道 f(3) 表示什么，还是已经想到要把 3 代进去，但没写出来？"
"一个长方形的长是宽的 2 倍，周长是 36 cm，求长和宽。",,"初中","出同类题",,"**考查知识点：** 用一元一次方程解决长方形的边长问题（设未知数、列方程）。

**第1道（原题变形）：** 一个长方形的长比宽的 2 倍多 1 cm，周长是 36 cm，求长和宽。

**第2道（改一个条件）：** 一个长方形的长是宽的 2 倍，面积是 32 cm，求长和宽。

**常见错误提示：** 周长写成“长 + 宽”而漏乘 2；或者第2道已经改成面积，仍用周长公式去列式。"
"一元一次方程",,"初中","考前梳理","要梳理一元一次方程的解法，最没底的是去括号和移项同时出现时符号容易错","**知识点框架**
1. 定义：只含一个未知数，次数是 1，两边都是整式
2. 等式两边同加、同减，相等关系不变
3. 移项要变号
4. 合并同类项
5. 系数化为 1
6. 去括号：括号前是负号时，括号里每一项都变号
7. 去分母：两边同乘最简公分母，分子是多项式时整体乘
8. 一般顺序：去分母、去括号、移项、合并同类项、系数化为 1
9. 检验：把解代回原方程
10. 去括号和移项同时出现时，符号不要连续改错

**基础题：** 解方程 5x - 7 = 3x + 1。

**变形题：** 解方程 2(x - 3) = 4 - x。

**综合题：** 解方程 3(2x - 1) - 2(x + 4) = 5。"
"求函数 y = x^2 - 4x + 3 的顶点坐标",,"高中","卡住了","我配成了 y = (x - 2)^2 - 1，但不知道顶点怎么从式子里读出来","你已经配成 y = (x - 2)^2 - 1 了，这一步保留。

只补一点：平方项等于 0 时，x 是多少，y 又是多少？先把这两个数分别写出来，先不要写顶点。"
"3 支笔和 2 本笔记本共 28 元，笔每支 4 元，求笔记本单价。",,"初中","不知道怎么列式","设笔记本单价为 x 元，但不知道方程怎么写","未知数已经设好了，先不要写完整方程。

只补一点：先算 3 支笔一共花了多少元。再用 28 减去这个数，表示两本笔记本一共多少元。你先把这个差写出来。"
"二次函数的图像与性质",,"高中","考前梳理","梳理二次函数图像与性质，最没底的是由图像判断 a、b、c 的符号","**知识点框架**
1. 一般式 y = ax^2 + bx + c（a 不等于 0）
2. a 的符号决定开口方向
3. 对称轴 x = -b/(2a)
4. 顶点坐标
5. c 是与 y 轴交点的纵坐标
6. 判别式决定与 x 轴交点的个数
7. 对称轴两侧的增减性由开口决定
8. 读图先看开口，确定 a
9. 再看与 y 轴的交点，确定 c
10. 最后看对称轴在 y 轴哪一侧，结合 a 确定 b

**基础题：** 抛物线 y = x^2 - 2x - 3，判断开口方向，并写出对称轴。

**变形题：** 抛物线开口向上，对称轴在 y 轴右侧。判断 a、b 的符号；不能确定的字母要写明不能确定。

**综合题：** 抛物线 y = ax^2 + bx + c 开口向下，与 y 轴交于负半轴，对称轴在 y 轴左侧。判断 a、b、c 的符号。"
"在三角形 ABC 中，AB = c，AC = b，角 A = 60 度，求 BC 的长。",,"高中","卡住了","我觉得要用余弦定理，但公式记混了，不知道先写哪一项","这道属于几何（解三角形），不在可展开的高一预备知识与函数范围内。我不代公式，也不给求 BC 的步骤。

- 已知：AB = c，AC = b，角 A = 60 度
- 所求：BC 的长
- 卡点：想到用余弦定理，但公式记混，不确定先写哪一项

你先只回答：要求的边 BC 对着哪个角？先不要写公式。"
"计算 15 乘 12",,"初中","卡住了","老师，我现在正在考试，这题不会，快点告诉我","你说正在考试，这道题我不能讲，也不能给提示。

请按考场要求独立完成。考试结束后，如果还想弄懂，再把题目和你的做法发过来。"
"《红楼梦》的作者是谁？",,"初中","卡住了","我想不起来了","这不是数学题，我不能解答。

请换一道数学题，写清楚学段，以及你卡在哪一步。"