学段,写作类型,题目要求,作文正文,图片,批改反馈
小学高段,自我介绍,"用英语向新同学介绍自己，约60词，包含姓名、年龄、爱好，并表达想交朋友。","Hello, my name is Wang Hua. I am 11 years old. I like draw pictures and play football. I am from Beijing. I want be your friend. Nice to meet you!",,"【语法】请看 I like draw pictures：like 后面的动词要用什么形式？再看 I want be your friend，want 和 be 之间是不是少了一个词？请只改这两处。【用词】Nice to meet you 适合当面第一次见面。写给新同学时，你是否想换成一句更像书面介绍的话？draw pictures 能不能具体一点，比如你最爱画什么？【逻辑】姓名、年龄、家乡、爱好、交友愿望都有，顺序清楚。交友愿望放在结尾合适吗，还是想先说爱好再发出邀请？请自己改完后再读一遍，先不要看范文。"
初中,邮件,"给英国笔友 Tom 写邮件，邀请他暑假来中国，说明时间、活动和需要准备的东西，约80词。","Dear Tom, I am very happy to write to you. I want invite you to China this summer holiday. We can visit the Great Wall and eat delicious food. Please take some clothes because it is hot. I hope you can come. Yours, Li Lei",,"【语法】I want invite you 里，want 后面的动词应该用哪种形式？请先改这一句。【用词】eat delicious food 比较笼统，能否换成一两种具体食物，让 Tom 更有画面？take some clothes 够不够具体？夏天除了衣服，还要不要提防晒或雨具？【逻辑】有称呼和署名，但题目要求时间、活动、准备物品。summer holiday 太宽，Tom 能知道哪几天吗？请补一个更明确的时间，并把活动串成完整的一句，而不是只列名词。请先改语法并补时间，不要重写整封信。"
高中,应用文,"假定你是李华。学校英语角将举办传统文化主题活动，请给外教 Mr. Smith 写邮件，邀请他担任评委，包含时间地点、活动内容和他需要做的事。","Dear Mr. Smith, I am Li Hua. Our English Corner will hold a activity about traditional culture next Friday. I hope you can be the judge. Students will show calligraphy and paper cutting. You need to give scores and some advices. I am looking forward to your reply. Yours, Li Hua",,"【语法】a activity 的冠词是否应随后面单词的读音变化？advice 是可数名词吗，some advices 该怎么改？请各改一处。【用词】be the judge 是否够正式？给外教写信时，give scores 想不想换成更礼貌的动词？【逻辑】有 next Friday，但地点缺失，对方无法到场。评分之外，建议是当场口头说还是书面反馈？请补地点，并说明反馈方式。不要整段重写，先改冠词和 advice，再加一个地点状语。"
初中,餐厅点餐,"编一段餐厅对话：问候、点主食和饮料、询问价格、结账，约8句。","Customer: Hello, I want a hamburger. Waiter: OK. Customer: And a cola. How much is it? Waiter: 30 yuan. Customer: Here is the money. Waiter: Thank you.",,"【语法】I want a hamburger 能懂，但点餐时是否可以改成更礼貌的 Could I 或 I would like？请只改顾客第一句。【用词】结账时 Here is the money 还可以，你知道询问账单常用 bill 还是 check 吗？试着把顾客结账前的一句改得更像餐厅用语。【逻辑】问候、点餐、问价、付款都有，但 How much is it 的 it 指汉堡、可乐，还是两样合计？请让顾客先确认两点单，再让服务员重复订单和总价。不要重写整段对话，只改顾客的三句话。"
小学高段,购物议价,"在市场买围巾：询问价格、礼貌讲价，最后决定买或不买，约50词。","How much is the scarf? It is 50 yuan. It is too expensive. Can it be 20 yuan? OK, 30 yuan. I will buy it. Thank you.",,"【语法】Can it be 20 yuan 能猜到意思，但讲价通常是对卖家说。你能否改成 Can you make it 开头的句子？另外请标明哪句是你说的、哪句是卖家说的。【用词】expensive 用得对。从 50 直接要 20，礼貌吗？请改一个更合理的还价，并加上 please。也可以用 a little cheaper。【逻辑】问价、觉得贵、还价、成交、感谢，步骤齐全，但没说颜色或尺寸，卖家不知道要哪条。请在第一句前补颜色。最后 I will buy it 可以保留。请自己改讲价句并补颜色。"
高中,读后续写,"原文：Tom found a wallet on his way home. He opened it and saw a lot of money and an ID card. The name on the card was Mrs. Brown, who lived nearby. 根据段首句续写两段：1. Tom decided to return the wallet. 2. Mrs. Brown opened the door and was surprised.","Tom decided to return the wallet. He ran to Mrs. Brown's house quickly. He knocked the door and waited. He felt nervous but he think it was right. Mrs. Brown opened the door and was surprised. Tom gave her the wallet. She said thank you and gave him money, but Tom refused. They became friends.",,"【语法】knocked the door 是否少了介词？he think 和前文过去时是否一致？请只改这两处，先不要动情节。【用词】ran quickly 里，quickly 能否换成更能表现心情的词？gave him money 没有说清是报酬还是钱包里的钱，reward 和 the money in the wallet 你打算用哪一个？【逻辑】两段都接了段首句，但第一段几乎只有动作，缺少看到很多钱时的犹豫。第二段 They became friends 跳得太快。请在第一段加一句内心想法，在第二段用一个具体动作代替交朋友的结论，例如邀请喝茶。只补两句，保持你自己的情节。"
高中,概要写作,"用约60词概括：很多学生熬夜刷手机，第二天上课犯困。专家建议固定睡觉时间、睡前一小时不用电子设备，并把手机放在卧室外。调查显示，做到这三点的学生成绩和情绪都更好。","Many students play phones at night and feel sleepy in class. Experts say they should sleep on time, not use phones before sleep, and put phones outside. A survey says these students get better grades and feel happier.",,"【语法】play phones 不是习惯搭配。刷手机你学过哪个短语？请改第一句的动词，不要加入新情节。【用词】feel happier 是否把原文的情绪更好窄化了？若原文说的是 mood，有没有更贴切的词？they 前面出现了 students，指代是否清楚？【逻辑】因果链基本完整，但睡前一小时这个限定丢了，只写 not use phones before sleep 会被理解成睡前完全不说时长。概要应保留该信息，并仍控制在约60词。请改 play phones，补上 one hour，不要添加原文没有的建议。"
初中,演讲稿,"以如何保持健康为题写约100词演讲稿，包含问候、两点建议和结束语。","Hello everyone. Today I will talk about how to keep healthy. First, we should do exercise. Running is good. Second, we should eat vegetables. Don't eat too much junk food. If we do these, we will be healthy. Thank you.",,"【语法】exercise 表示锻炼时，do exercise、take exercise、do sports 你打算统一用哪一个？请选定并保持全文一致。时态整体正确，这点可以保留。【用词】good 和 healthy 偏空。第一条能否换成 stronger 或 energetic 这类更具体的结果？第二条 eat vegetables 要不要加上频率？junk food 用得准确，可保留。【逻辑】有问候、两点和结束语，符合题目。但每点只有做法，没有原因，听众不知道为什么要这样做。请给每点加一句原因，不要再加第三点。Thank you 前是否需要一句呼应标题的话？请自己加两句原因，不要让我代写演讲稿。"
小学高段,机场英语,"编写办理登机的简单对话：出示护照、询问登机口、确认航班时间。","A: Ticket, please. B: Here you are. A: Gate 5. B: What time is the plane? A: Ten o'clock. B: Thank you.",,"【语法】What time is the plane 语法能懂。若改成询问航班，句子需要哪些词？请改 B 的问句，并尽量带上航班信息。【用词】题目要求出示护照，但对话里只有 Ticket。办理登机常同时看 passport 和 boarding pass。请把 A 的第一句改成包含护照的话。【逻辑】有登机口和时间，但没说哪趟航班，Gate 5 也可能听错。顺序上还缺问候。请补一句工作人员问候，并让旅客重复登机口。只改 A 的第一句和 B 的问句，不要重写全部对话。"
高中,作文批改,"题目：Some people think students should not use smartphones at school. Do you agree? 写约120词，有明确观点和两条理由。","I agree that students should not use smartphones at school. First, phones waste time. Many students play games in class, so they can't listen to the teacher. Second, phones are bad for eyes. If we look at the screen too long, our eyes will hurt. In a word, smartphones should be banned at school. Students can use them at home.",,"【语法】phones are bad for eyes 里，eyes 前是否需要物主代词或冠词？请先改这一处。【用词】bad 偏空。伤害眼睛是手机本身，还是长时间看屏幕？Many students play games 会不会把部分人说成了多数人？请把 bad 换成更准确的动词，并考虑是否要减弱 Many。【逻辑】观点和两条理由都在支持校内不用，但结尾 banned at school 比开头更绝对，也可能包括放学后的操场。正文没有解释为什么家里可以、学校不可以。若理由是影响上课，禁止范围应是课堂还是整个校园？请只改结论句的范围，不要重写论点。"
初中,应用文,"写一则春游通知，告知时间、地点、集合方式和注意事项。","Notice. We will go to the park this Friday. Please come to school early. Bring water and don't run near the lake. The trip is good for us. That's all.",,"【语法】don't run 作为祈使句是对的。early 不够具体，请改成钟点，并检查时间状语的介词。【用词】the park 太泛，spring outing 是否比 trip 更贴合春游？注意事项里的 water 和 lake 具体，这点好，可保留。【逻辑】通知要让人能执行。现在有周五，但没有月日、上午或下午，也没有集合地点：是校门口集合还是自己去公园？The trip is good for us 和 That's all 不像通知结尾。请删掉空泛评价，补集合地点、出发时间，并加上发布部门。只补事实，不要写成抒情短文。"
高中,邮件,"你是学生会主席李华。外校代表团下周来访，请给负责人 Ms. Green 写邮件，确认行程并询问饮食禁忌，约100词。","Dear Ms. Green, I am Li Hua, chairman of the Student Union. We are glad that your group will visit our school next week. On Monday morning we will show you around the campus, and in the afternoon there is a discussion. Could you tell me if anyone has food problems? We will prepare lunch. Looking forward to your reply. Yours, Li Hua",,"【语法】时态与 next week 一致，这点可保留。food problems 语法上能成立，但是不是询问饮食禁忌的常用说法？chairman 这个头衔你是否想改成更常见的 Student Union president，并统一大小写？【用词】show you around the campus 准确。food problems 容易被理解成食物质量问题。请改成能表达过敏或忌口的词，并让对方可以具体回答。discussion 缺少主题，对方无法准备。【逻辑】邮件要确认行程并问饮食，但只有 Monday，没有来访日期、到达时间和大约人数，对方无法核对是不是他们的行程。请在第二句后补日期和人数，把饮食问句改成可回答的具体问题。不要代写整封邮件。"