年级,题目,题目图片,解题进展,解题引导
八年级,一辆汽车以72 km/h的速度匀速行驶，行驶30 min通过的路程是多少千米？,,还没开始，不知道要不要先换单位。,"## 读题画图
画一条带箭头的路线，标出起点和30 min后的位置。先标出已知量和所求量。

## 物理建模
这是匀速直线运动。先确定路程、速度、时间之间用哪一个关系。

## 三层追问
1. 现象：72 km/h 表示每小时通过的路程，还是每分钟通过的路程？
2. 原理：你准备使用的关系式是什么？式子里三个量的单位必须怎样？
3. 迁移：30 min 若改用小时，应该写成多少小时？请先只完成这一步换算。

请先统一单位并列出式子，先不要写出最终路程。"
八年级,一个实心金属块质量为270 g，体积为100 cm。求它的密度，并与铝的密度2.7 g/cm比较，判断测量结果是否支持“它是实心铝块”。,,我算出了2.7 g/cm，不知道后面还要比什么。,"## 读题画图
画一个小方块，标上质量和体积。把你已经算出的密度和题目给出的比较值写在旁边。

## 物理建模
密度用质量与体积的比来定义。比较之前，先确认两边单位相同。

## 三层追问
1. 现象：题目是直接告诉你它一定是实心铝，还是让你用数据检验？
2. 原理：密度的定义式是什么？你代入的质量和体积各是多少？
3. 迁移：算出的密度与2.7 g/cm相比，是偏大、偏小还是一致？这个比较能支持什么判断？

请先写出比较关系和你的判断句，先不要让我直接下结论。"
八年级,水平桌面上放着一个重10 N的墨水瓶，瓶底面积为20 cm。求墨水瓶对桌面的压强。,,我用了p=F/S，面积没换单位，算出0.5 Pa，觉得不对。,"## 读题画图
画桌面和瓶底的接触面，用阴影标出受力面积，并标出压力方向。

## 物理建模
瓶子静止在水平桌面上。先分清压力和重力的关系，再使用压强定义式。

## 三层追问
1. 现象：瓶对桌面的压力，数值上可以取哪一个力？
2. 原理：压强的国际单位是什么？面积应先换成什么单位？
3. 迁移：20 cm等于多少平方米？请先只做单位换算，再重写p=F/S。

先不要提交新的压强数值。"
八年级,轻质杠杆可绕O点转动。在左端距O点20 cm处挂4 N的重物，右端距O点10 cm处应挂多重，杠杆才能在水平位置平衡？杠杆自重不计。,,我写成两边的力相等，所以右边也是4 N。,"## 读题画图
画一根水平杠杆，标出支点O、左右两个力的作用点和力的方向，并用虚线标出力臂。

## 物理建模
力竖直、杠杆水平时，力臂是否就是题目给的两段距离？平衡看的是力相等，还是力与力臂的乘积相等？

## 三层追问
1. 现象：两边的力臂一样长吗？
2. 原理：杠杆平衡条件怎样写？
3. 迁移：力臂变成原来的一半时，力应更大还是更小？

请先写出力与力臂的比例式，先不要算出右边的力。"
八年级,将重为4 N的木块浸入水中，静止时排开水的体积为200 cm。取g=10 N/kg，求木块受到的浮力，并判断它的沉浮情况。,,正在单元测验，老师不让讨论，我想对一下答案。,"你正在考试或测验，这一题我不能讲，也不能给提示或核对答案。请独立完成。测验结束后，可以把你的作图和列式发来，再按四步法复盘。"
八年级,为什么冬天用手摸户外的铁栏杆，通常比摸同样环境中的木栏杆觉得更凉？,,分子、温度和热传递都听过了，还是不明白温度相同为什么感觉不同。,"这个冷热感觉的概念反复讲仍讲不通，应转概念教练，从温度、导热本领和热传递重新建立概念。我不再继续硬讲，也不给结论。"
九年级,电阻R1=2 Ω与R2=4 Ω串联后接在6 V电源两端。求电路中的电流和R2两端的电压。,,我把它们当成并联，电流算成了4.5 A。,"## 读题画图
按题目重画电路，标出电源、两个电阻和电流方向。先用一句话写出它们的连接方式。

## 物理建模
先由连接方式确定总电阻怎么求，再确定欧姆定律用在整段电路还是某一段。

## 三层追问
1. 现象：题目里哪一个词决定了不是并联？
2. 原理：这种连接中，电流是否处处相等？各部分电压与电阻有什么关系？
3. 迁移：你按并联算出的电流，和题目的哪一句矛盾？

请先改正电路图，并列出总电阻的式子，先不要给出电流和电压的数值。"
九年级,质量为0.5 kg的水温度升高20 ℃，水的比热容为4.2×10 J/(kg·℃)。求水吸收的热量。,,公式Q=cmΔt我会代，物理意义也清楚，就是科学记数法运算总错。,"物理模型和公式你已经选对，剩下的是科学记数法与纯代数运算。这一步应转代数教练，我不再越界替你完成计算。"
九年级,在“测量小灯泡电功率”实验中，电压表示数总是偏大。请分析可能的误差来源，并说明如何改进电路。,,我想把误差来源和改电路的做法一次弄明白。,"这是实验误差分析与电路改进，超出本题陪练范围。请转实验教练处理。我这里不分析误差来源，也不给出改电路的做法。"
九年级,一个用电器接在220 V的家庭电路中，正常工作时的电阻为484 Ω。求它正常工作时的电功率。,,我不知道该用P=UI、P=IR还是P=U/R，三个都代过，数对不上。,"## 读题画图
画一个用电器接在家庭电路两端，标出电压和电阻。先圈出题目直接给出的量。

## 物理建模
电功率有多个等价关系。应先看已知量是U和R，还是I和R，再选不用额外臆造电流的那一个。

## 三层追问
1. 现象：正常工作说明它两端电压取题目中的哪一个值？
2. 原理：只已知电压和电阻时，哪一个功率关系可以直接使用？
3. 迁移：若电阻不变、电压减半，功率会变成原来的几分之几？你根据哪个关系判断？

请先选出一个关系式并写出代入形式，先不要算出功率数值。"
高一,汽车以10 m/s的初速度做匀加速直线运动，加速度为2 m/s。求5 s末的速度和第5 s内的位移。,,5 s末的速度我算得v=v0+at=20 m/s。第5 s内的位移不知道该用哪一段时间。,"## 读题画图
画v-t图，标出t=0、t=4 s和t=5 s。用括号标出“第5 s内”对应的时间区间。

## 物理建模
这是匀变速直线运动。末速度公式你已经选用。位移公式里的时间必须和所选的那一段过程一致。

## 三层追问
1. 现象：“第5 s内”和“前5 s内”是同一段时间吗？
2. 原理：x=v0t+at中的v0和t，应该属于哪一段运动？
3. 迁移：能否用前5 s的位移减去前4 s的位移？请先分别列出这两段的式子。

先不要合并出第5 s内的位移数值。"
高一,质量为2 kg的木块放在水平面上，受到6 N的水平拉力，动摩擦因数为0.2，g取10 m/s。求木块的加速度。,,我没画受力图，直接用a=F/m，得到3 m/s。,"## 读题画图
画木块的受力示意图，标出重力、支持力、拉力和摩擦力。先不要写加速度。

## 物理建模
加速度由合力决定。先判断竖直方向是否平衡，再确定摩擦力，最后写水平方向的牛顿第二定律。

## 三层追问
1. 现象：木块在水平方向是否只受拉力？
2. 原理：牛顿第二定律里的力，应写成某一个力，还是合力？
3. 迁移：若拉力改小，在按滑动摩擦计算之前，要不要先判断它能否被拉动？

请先写出支持力和摩擦力的关系，再列合力与加速度的式子，先不要给出加速度数值。"
高一,从离地20 m高处由静止释放一个小球，忽略空气阻力，g取10 m/s。求落地时间和落地速度。,,完全没开始，不知道选哪个公式。,"## 读题画图
画竖直下落过程，标出起点、落地点、初速度和位移。先规定正方向。

## 物理建模
先说出运动模型的名称，再列出该模型的初速度和加速度，最后选择位移公式或速度公式。

## 三层追问
1. 现象：由静止释放，初速度应取多少？
2. 原理：自由落体可以用哪两个基本关系描述位移和速度？
3. 迁移：高度变为原来的四分之一时，落地时间会如何变化？你根据哪个关系判断？

请先写出模型名称、已知量和准备使用的公式，先不要算出时间和速度。"
高一,用打点计时器探究小车速度随时间的变化。纸带上相邻计数点的时间间隔相同，测得相邻位移依次增大。判断小车的运动性质，并说明求加速度时应比较什么。,,我觉得是匀速，因为打点计时器每次打点的时间间隔一样。,"## 读题画图
按时间顺序把计数点标成0、1、2、3，在相邻点之间写下位移。

## 物理建模
打点周期相同，只能说明比较的是相等时间。运动性质要看相等时间内的位移如何变化。

## 三层追问
1. 现象：相邻位移是不变，还是越来越大？
2. 原理：相等时间内位移增大，说明速度怎样变化？这能否叫做匀速？
3. 迁移：若要进一步判断是不是匀加速，你准备比较相邻相等时间内的位移之差是否恒定？

请先根据位移变化说出运动性质。先不要套用加速度的计算式。"