班级名称,题目内容,题目图片,知识点,版权状态,学员化名,分层,学员卡点,讲题指导
七年级1班,"同一个人先后轻声说话和大声说话，发声部位没有更换。课堂任务只比较两次声音的响度，并讨论响度与发声体振动幅度的关系。不比较音调，不比较音色。",,响度与振幅,自有,小舟,A需补基础,把“声音大”直接说成音调高，分不清响度和音调,"## 讲题草稿（仅供教师，不含标准答案，不打分、不排名）

学员只用化名：小舟。分层只用于备课，不在班内公开比较。

### 讲题思路（五步解题法）
1. 审题：请小舟用自己的话圈出限制句：只比响度，不比音调、不比音色。先把“大声/轻声”翻译成“听起来强/弱”，先不要提频率。
2. 建模：用钢尺或橡皮筋作直观模型，只保留“偏离平衡位置的最大程度”和“听者感到的强弱”。发声部位不变，用来提醒音色先搁置。
3. 过程分析：从轻声到大声，只允许改变一个因素。若小舟说到“振动变快”，停住，把频率移出本问。
4. 列方程：本问不列计算式。板书只用文字关系：在远近、介质等条件相近时，响度主要随振幅变化。不代入任何数，也不写成结论答案句。
5. 求解与反思：求解改为口头组织顺序——比较对象、振幅变化方向、适用条件。反思只查三个词是否用混。不宣布对错，不打分。

### 错因诊断
小舟的卡点是日常语“声音大”被并入音调。第二可能是只记住“音调跟振动快慢有关”，于是用频率解释一切声音差别。先各举一个只改强弱、只改尖细的生活例子，再回到本题，不要直接改措辞。

### 变式训练
1. 同一音叉轻敲与重敲，只讨论响度与振幅，不讨论频率。
2. 振幅差不多但听者距离明显不同，问还能不能只用振幅解释，用来暴露“听到的强弱还受距离影响”。
3. 词卡：响度、音调、音色。请小舟把“轻敲/重敲”“蚊子叫/牛叫”归类，不要求交标准表述。

### 待老师确认的班级解题档案
班级：七年级1班。年级由班名推断为七年级，教材版本待老师确认。知识点：响度与振幅。版权：自有，可班内使用。化名小舟，分层A需补基础。策略：定性五步，不打分不排名。是否下次补“距离对听到的响度的影响”，待老师确认。未记录标准答案。"
七年级2班,"平面镜反射演示：入射光线与镜面的夹角先被学生读成40度。请带领学生改用法线重新描述入射角，并讨论入射光线靠拢法线时反射光线应如何跟着讨论。不要求写出角度数值结论。本题由常见课堂演示改编，非教材原文。",,光的反射与法线,改编,阿楠,B达标,把入射角当成光线与镜面的夹角，法线只是画出来没有派上用处,"## 讲题草稿（仅供教师，不含标准答案，不打分、不排名）

学员只用化名：阿楠。

### 讲题思路（五步解题法）
1. 审题：问阿楠题目真正要改的是“角的基准线”，不是先猜一个度数。把“与镜面的夹角”和“与法线的夹角”分成两列，先不填数。
2. 建模：在镜面法线处立一条垂线模型。入射光线、反射光线、法线三者都要在图上有名字。强调法线是人为画出的基准，不是第三束光。
3. 过程分析：让阿楠用手电或教具只做“入射光线靠拢法线”这一个动作，观察反射光线相对法线的位置变化趋势，先说方向，不说度数。
4. 列方程：不列数值方程。可写符号关系供学生自己检验：入射角、反射角都以法线为边。草稿不代入40度，也不写反射角等于多少。
5. 求解与反思：求解改为“重新标注角度”的步骤清单：先画法线，再标入射角，再讨论反射角。反思：有没有把镜面夹角直接当成入射角。不打分。

### 错因诊断
阿楠能记住“反射”这个词，但角的顶点和对边选错，法线没有进入定义。宜先改作图习惯，再谈规律，避免一句口诀盖过作图错误。

### 变式训练
1. 只给镜面和一条入射光线，要求先补法线再说话，禁止先报度数。
2. 把镜面改成略有倾斜的桌面镜，问法线还是否竖直，用来检查“法线垂直镜面”而不是“法线竖直向上”的口头习惯。
3. 两名学生各画一张图，只互查角的基准线，不互评高低。

### 待老师确认的班级解题档案
班级：七年级2班。年级推断：七年级。教材版本待老师确认。知识点：光的反射与法线。版权：改编，班内使用前请老师确认未夹带教材原文。化名阿楠，分层B达标。卡点在角的基准。未记录标准答案。是否进入镜面成像，待老师确认，本草稿不延伸。"
七年级3班,"公开原理观察单（教师自拟，未转录教材或教辅原文）：某晶体加热时，温度计示数升到某一读数后有一段时间几乎不变，随后又继续上升。请学生只讨论“示数几乎不变的那一段时间里，还要不要继续加热，以及这一阶段物质状态可能怎样变化”。不给出熔化温度的标准数值。",,晶体熔化与吸热,公开可引用,星河,C可拓展,认为温度不变就是没有吸热，或认为温度一不变过程就结束了,"## 讲题草稿（仅供教师，不含标准答案，不打分、不排名）

学员只用化名：星河。本题为教师自拟观察单，依据公开的物态变化原理，不展开任何教材原文。

### 讲题思路（五步解题法）
1. 审题：请星河把图像或记录分成三段：上升、平台、再上升。本问只锁定平台段。不要先猜物质名称，也不要背熔点数字。
2. 建模：用“固体里开始出现液体”的状态模型。温度计只报告冷热程度，不直接报告是否仍在吸热。
3. 过程分析：平台段继续加热时，让学生分别回答三个彼此分开的问题：示数变不变、是否仍在加热、状态是单纯固体还是固液并存。一次只动一个问题。
4. 列方程：不列热学公式，不代入质量、比热。板书只保留“继续加热”和“示数平台”两个观察栏目，数值空着。
5. 求解与反思：求解改为把三段过程按时间顺序讲清楚，并说明平台段不能因为示数不变就停止观察。反思：有没有把“温度不变”说成“没有吸热”。不写标准熔点，不打分。

### 错因诊断
星河的卡点是把温度计示数当成吸热与否的唯一证据。可拓展层容易进一步跳到“所有物质熔化时温度都不变”，讲题时要把“本题只讨论晶体记录”说在前面，非晶体不作本问结论。

### 变式训练
1. 同一观察单改为停止加热，问平台是否还会维持，只讨论能量来源，不要求计算。
2. 给一段非晶体的持续上升记录，请星河说明为什么不能照搬本题平台段的说法。
3. 只给“固液并存”四个字，请其反推温度计示数大概处于记录的哪一段，不写具体温度。

### 待老师确认的班级解题档案
班级：七年级3班。年级推断：七年级。教材版本待老师确认。知识点：晶体熔化与吸热。版权：公开可引用的原理观察单，未转录原题。化名星河，分层C可拓展。是否补充非晶体对照，待老师确认。未记录标准答案。"
八年级1班,"一名同学沿直线行走120 m，用时60 s。另一段记录写成0.12 km和1 min。请只讨论：求速度之前必须先做哪些单位核对，速度公式里各符号表示什么。草稿不写计算结果。",,速度与单位换算,自有,晚风,A需补基础,单位不统一就直接相除，并把路程、时间、速度三个符号互相代用,"## 讲题草稿（仅供教师，不含标准答案，不打分、不排名）

学员只用化名：晚风。

### 讲题思路（五步解题法）
1. 审题：请晚风找出两套数据其实在描述同类量。先列表：路程两行、时间两行，不先按计算器。
2. 建模：直线运动、快慢用速度描述。明确本题不讨论方向变化，因此不引入加速度。
3. 过程分析：先选定一套单位，再把另一套数据换到同一套。问晚风：0.12 km与120 m是不是已经同一单位；1 min与60 s是不是已经同一单位。换算过程让学生自己写，草稿不代算。
4. 列方程：只写符号式 v=s/t，并在旁边注明 s、t 必须先统一单位。不代入120或60，不写得数。
5. 求解与反思：求解步骤规定为“先换算、再代入、再写单位”。反思专查：有没有把分钟直接除进米。不宣布数值答案，不打分。

### 错因诊断
晚风的卡点在“看到数字就相除”。符号也容易混：把时间填进路程位置。建议每次只允许笔尖指向一个符号，说完它的单位再移开。

### 变式训练
1. 只给“2 min”和“90 m”，要求先说选哪一套单位，禁止算出速度。
2. 把路程改成来回走，问还能否把总路程直接当成位移，用来分开两个词，仍不计算。
3. 给一个缺单位的算式，请晚风指出不能算的原因。

### 待老师确认的班级解题档案
班级：八年级1班。年级推断：八年级。教材版本待老师确认。知识点：速度与单位换算。版权：自有。化名晚风，分层A需补基础。是否下一步区分速度与平均速度，待老师确认。未记录标准答案。"
八年级2班,"水平桌面上的文具盒静止。水平方向受到两个力。请引导学生判断：只说“两个力大小相等”是否足以说明这两个力平衡。本题由常见静止物体情境改编，非教材原文。",,二力平衡条件,改编,青禾,B达标,只记大小相等，漏掉同一直线、方向相反和作用在同一物体上,"## 讲题草稿（仅供教师，不含标准答案，不打分、不排名）

学员只用化名：青禾。

### 讲题思路（五步解题法）
1. 审题：请青禾列出题目已经给出的信息：静止、水平方向两个力。再列出题目没有给出的信息：方向、是否共线、是否都作用在文具盒上。
2. 建模：把文具盒看成一个物体，水平方向单独画受力示意图。先不画竖直方向，避免一次讨论太多力。
3. 过程分析：用“缺一条就不讨论平衡”的方式逐条核对：大小、方向、同一直线、同一物体。每条只回答“题目有没有告诉我”，不抢先下结论。
4. 列方程：本问不列 F=0 的数值式。可写检查清单代替方程。若学生想写合力符号，只写“合力是否讨论”，不写等于零的答案句。
5. 求解与反思：求解改为完成四条核对。反思：只满足大小相等时，还缺哪些条。不打分、不排名。

### 错因诊断
青禾把多条件规律记成了单条件口诀。静止被当成“已经证明平衡”，于是不再检查方向和共线。宜把“静止”放回证据栏，而不是放进结论栏。

### 变式训练
1. 两个力大小相等、方向相反，但分别作用在两个并排的文具盒上，问还能不能当成一对平衡力来讨论。
2. 两个力大小相等、方向相反，但不在同一直线，只要求改图，不要求算合力大小。
3. 改成竖直方向的拉力和重力，仍只做条件核对，不计算。

### 待老师确认的班级解题档案
班级：八年级2班。年级推断：八年级。教材版本待老师确认。知识点：二力平衡条件。版权：改编。化名青禾，分层B达标。是否联系相互作用力的区别，待老师确认，本草稿不展开。未记录标准答案。"
八年级3班,索引号 WL-YAQIANG-8B-17。主题：固体压强。原题全文不录入。,,固体压强,仅存索引,北辰,C可拓展,容易把压力和压强当成同一个词，看到受力面积变化就直接说压力变了,"## 讲题草稿（仅供教师，不含标准答案，不打分、不排名）

版权状态为仅存索引。本草稿不复述、不还原索引 WL-YAQIANG-8B-17 的原题全文，也不根据记忆补写题干数据。

学员只用化名：北辰。

### 讲题思路（五步解题法）
1. 审题：教师只打开自有索引，课堂上让北辰指出题里哪些词在问压力、哪些词在问压强。草稿不抄原句。
2. 建模：压力是力，压强是力的作用效果与受力面积有关的量。图上分开标“力的箭头”和“接触面积”。
3. 过程分析：只讨论“面积变化时，哪一个量题目已经说明保持不变”。不要替原题假定压力不变或压强不变。
4. 列方程：可准备符号关系 p=F/S 作为工具，不代入原题数字，不写得数。原题若有数据，只在老师打开索引后由学生自己代入。
5. 求解与反思：反思问题固定为：有没有把压力和压强互换。不公布答案，不打分。

### 错因诊断
北辰的卡点是两个量共用一个口语。可拓展层还可能提前背“面积越小压强越大”，却不管压力有没有被控制不变。讲题时每说一次规律，都要追问控制条件是否来自索引原题，而不是来自习惯。

### 变式训练
变式用教师自拟情境，不改写索引原题。
1. 同一本书平放和立放，只要求标出压力和受力面积，不计算。
2. 背包装满后肩带宽窄不同，只讨论哪一个量被题目控制、哪一个量在问。
3. 给一个只有压力、没有面积的句子，请北辰说明为什么还不能谈压强大小。

### 待老师确认的班级解题档案
班级：八年级3班。年级推断：八年级。教材版本待老师确认。索引：WL-YAQIANG-8B-17。版权：仅存索引，档案中不保存原题全文。化名北辰，分层C可拓展。原题是否允许课堂投影，待老师按版权状态确认。未记录标准答案。"
九年级1班,"两个电阻串联后接在同一电源两端，电路中只讨论电流。不给出电阻和电压的具体数值。请引导学生说明：比较两处电流时，应先确认两处是不是同一条串联路径。",,串联电路的电流,自有,橘子,A需补基础,认为电阻大的地方电流一定小，把串联和并联的电流关系记反,"## 讲题草稿（仅供教师，不含标准答案，不打分、不排名）

学员只用化名：橘子。

### 讲题思路（五步解题法）
1. 审题：请橘子先找“串联”两个字，并确认题目没有给数值。本问不求电流大小，只求如何比较两处电流。
2. 建模：画一条不分支的路径，两个电阻前后相接，电流表可以设想插在电阻前、电阻之间、电阻后。电源只表示有持续电流，不写电压值。
3. 过程分析：让橘子用手指沿唯一路径走一圈，问：电荷要分叉吗。若说到“电阻大就挤得慢、电流小”，先记录为待检验说法，不马上评价。
4. 列方程：不写数值欧姆定律。可写“同一串联路径上各处电流用同一符号表示”作为列式习惯。不写出谁大谁小的答案句。
5. 求解与反思：求解改为换电流表位置的检验计划。反思：有没有把并联的分流经验用到了没有分支的电路上。不打分。

### 错因诊断
橘子把“电阻阻碍电流”理解成“局部电阻大，局部电流就小”，串联与并联的路径模型没有分开。补基础应先画路径，再谈电阻作用，而不是先背口诀。

### 变式训练
1. 在串联电路里增加第三个电阻，仍不给数值，只问电流表换三个位置时比较的是不是同一路径。
2. 改成两个电阻并联，请橘子先说出路径有没有分支，再决定能不能沿用上一题的比法。
3. 只给一句“电阻越大电流越小”，请其说明这句话还缺什么条件，不要求计算。

### 待老师确认的班级解题档案
班级：九年级1班。年级推断：九年级。教材版本待老师确认。知识点：串联电路的电流。版权：自有。化名橘子，分层A需补基础。是否进入欧姆定律定量计算，待老师确认；本草稿不给数值答案。未记录标准答案。"
九年级2班,"公开原理任务（教师自拟，未转录教材原文）：人用力提着一袋静止不动的米。请学生只判断讨论做功时必须同时看清哪两个因素，并说明“有力”是否足够。不计算功的数值。",,功的两个必要因素,公开可引用,山茶,B达标,只要看到力就认为力做了功，很少检查物体在力的方向上有没有移动,"## 讲题草稿（仅供教师，不含标准答案，不打分、不排名）

学员只用化名：山茶。本题为教师自拟，依据公开的做功因素，不转录教材原文。

### 讲题思路（五步解题法）
1. 审题：圈出“静止不动”。问山茶：题目要讨论的是做功条件，不是这袋米有多重。
2. 建模：把提力画成竖直向上的箭头，把位移栏先空着。静止意味着位置没有改变，这一栏先由学生自己填“有”或“没有”，草稿不代填。
3. 过程分析：把两个因素拆开问：有没有力；在该力的方向上有没有通过一段距离。两个都问完才允许谈功，禁止只凭第一个因素作答。
4. 列方程：可把 W=Fs 写在旁边当工具，并注明 s 是在力的方向上的距离。不代入重量，不写功等于多少。
5. 求解与反思：求解改为口头核对两个因素。反思：手酸、用了力、消耗了体力，这些感受能不能代替位移证据。不打分。

### 错因诊断
山茶把“费力”和“做功”合成了一个生活词。分层B说明计算可能不难，卡点在条件缺失时仍想算。讲题应拦住代入，先补证据栏。

### 变式训练
1. 把米袋竖直提起一段距离，仍不给数值，只要求标出哪一个因素比静止时多了。
2. 人水平推墙但墙不动，只做两个因素核对。
3. 有位移但位移方向与所问的力垂直，只讨论这个力的 s 能不能直接用这段位移，不计算。

### 待老师确认的班级解题档案
班级：九年级2班。年级推断：九年级。教材版本待老师确认。知识点：功的两个必要因素。版权：公开可引用的自拟任务。化名山茶，分层B达标。是否延伸到功率，待老师确认。未记录标准答案。"
九年级3班,"弹簧测力计吊着一个小物体，先在空气中读数，再让物体浸没在水中读数。请只讨论：若要用这两次读数的差来谈论浮力，差的物理意义应如何向同学解释。不给出读数，不要求算出浮力大小。本题由称重法情境改编，非教材原文。",,浮力与称重法思路,改编,远山,C可拓展,把浮力直接说成等于重力，浸入液体后不再区分视重、拉力和浮力,"## 讲题草稿（仅供教师，不含标准答案，不打分、不排名）

学员只用化名：远山。

### 讲题思路（五步解题法）
1. 审题：请远山列出两次测量分别是在什么环境。确认题目没有数字，因此本问不能以计算结果结束。
2. 建模：浸没时竖直方向至少要出现重力、弹簧测力计拉力、浮力三个词。先不判定三者谁大谁小。
3. 过程分析：空气中的读数主要用来谈论物体重力的测量思路；浸没后的读数是拉力。让远山指出“两次读数的差”对应把哪一个力从关系里显出来，只解释意义，不写等式答案。
4. 列方程：可以准备符号 G、F_拉、F_浮，提醒学生自己决定能否写关系式。草稿不完成移项，不写浮力等于多少。
5. 求解与反思：求解改为向同伴解释差的意义，要求用到三个力的名字。反思：有没有一句“浮力等于重力”把浸没后的拉力说丢。不打分、不排名。

### 错因诊断
远山处于可拓展层，容易跳过受力分析直接记结论。卡点是把漂浮时才可能讨论的关系用到了“吊着浸没”的不同模型。讲题要先问是不是漂浮、是不是悬吊，再决定用哪一套关系。

### 变式训练
1. 物体只有一部分浸入，仍不给读数，只问称重法差的解释要不要改口。
2. 改成物体漂浮，请远山先判断弹簧测力计是否还在模型里。
3. 同一物体浸没在两种液体中，只讨论比较浮力时还要不要知道重力的具体值，不计算。

### 待老师确认的班级解题档案
班级：九年级3班。年级推断：九年级。教材版本待老师确认。知识点：浮力与称重法思路。版权：改编。化名远山，分层C可拓展。是否扩展到阿基米德原理计算，待老师确认。未记录标准答案。"
高一1班,"高一必修1范围：质点沿直线运动，速度-时间图象是一条倾斜直线。请只讨论图线的斜率和图线与时间轴所围面积在本题中各表示什么。不读具体坐标，不计算位移和加速度的数值。",,匀变速直线运动的v-t图,自有,清和,B达标,把v-t图的斜率当成路程，把面积当成速度,"## 讲题草稿（仅供教师，不含标准答案，不打分、不排名）

覆盖说明：属高一必修1运动学，可讲。学员只用化名：清和。

### 讲题思路（五步解题法）
1. 审题：请清和先读坐标轴名称，确认纵轴是速度、横轴是时间，不是路程-时间图。题目禁止读具体坐标。
2. 建模：质点、直线运动、速度均匀变化。倾斜直线只说明速度随时间均匀改变，先不要说加速度的正负数值。
3. 过程分析：把“斜率”和“面积”分成两问。斜率只在图上取两点的纵轴变化量与横轴变化量之比；面积只看成时间轴上方的一块区域。各自对应什么物理量，让学生对照轴的单位自己说。
4. 列方程：可写 a=Δv/Δt 与面积对应位移的符号提醒，不取点，不代入。草稿不写加速度或位移的数值。
5. 求解与反思：求解改为单位核对：斜率的单位是否为速度除以时间，面积的单位是否为速度乘时间。反思：有没有沿用 s-t 图“斜率是速度”的旧习惯。不打分。

### 错因诊断
清和的卡点是图象经验迁移错误，不是计算能力不足。分层B达标，宜少练算术、多练“先看轴”。看到倾斜就说加速或减速之前，先确认纵轴是不是速度。

### 变式训练
1. 同一直线改为水平，仍不给坐标，只比较斜率和面积的意义有没有变。
2. 改成 s-t 倾斜直线，请清和说明斜率不能再按上一题解释。
3. 给一段先倾斜再水平的折线，只分段说出每一段斜率在讨论什么，不计算。

### 待老师确认的班级解题档案
班级：高一1班。年级推断：高一。教材版本待老师确认。范围：必修1。知识点：匀变速直线运动的v-t图。版权：自有。化名清和，分层B达标。是否进入位移公式综合计算，待老师确认。未记录标准答案。"
高一2班,"高一必修1范围：水平面上的物块受到水平拉力，同时地面有摩擦。请只讨论列牛顿第二定律之前，受力图必须先标清哪些力、摩擦力方向如何根据运动趋势或相对运动来核对。不给质量、拉力、摩擦因数，不要求求出加速度。本题由常见受力情境改编，非教材原文。",,牛顿第二定律与受力分析,改编,木木,A需补基础,直接套F=ma，漏画摩擦力或把摩擦力方向画成与拉力相同,"## 讲题草稿（仅供教师，不含标准答案，不打分、不排名）

覆盖说明：属高一必修1相互作用与牛顿运动定律，可讲。学员只用化名：木木。

### 讲题思路（五步解题法）
1. 审题：请木木确认题目求的不是加速度数值，而是列式前的准备。把“没有数据”当成必须停止代入的信号。
2. 建模：物块、水平面、拉力沿水平方向。先规定正方向，但先不写方程。竖直方向的重力和支持力是否列入本问，让学生说明理由。
3. 过程分析：摩擦力单独处理。问木木：相对运动或运动趋势指向哪一侧，摩擦力方向与它有什么核对关系。若画成与拉力同向，先回到趋势，不评价对错分数。
4. 列方程：只展示方程的空位：合力符号 = m a。合力由学生自己决定能否写成拉力与摩擦力的组合。草稿不完成代数式，不写加速度方向答案。
5. 求解与反思：求解改为受力图检查清单：力是否漏画、方向是否与趋势核对、正方向是否声明。反思：没有质量时为什么不能进入求解数值。不打分、不排名。

### 错因诊断
木木的卡点是公式先行，受力图后补，于是摩擦力成为可有可无的装饰。A需补基础应把“没有完整受力图就不得写F=ma”定为课堂规则，而不是多做难题。

### 变式训练
1. 拉力改为缓慢撤去，物块仍在滑动，只要求重画摩擦力方向，不计算。
2. 改为光滑水平面，请木木说明受力图要删掉哪一个力，方程空位如何跟着改，仍不代入。
3. 拉力改为斜向上，只问竖直方向还能不能当成与加速度无关而先搁置，不求加速度。

### 待老师确认的班级解题档案
班级：高一2班。年级推断：高一。教材版本待老师确认。范围：必修1。知识点：牛顿第二定律与受力分析。版权：改编。化名木木，分层A需补基础。是否进入连接体或超重失重，待老师确认。未记录标准答案。"
高一3班,索引号 GAO1-BX2-PINGPAO-06。主题标注为平抛运动。原题全文不录入。,,平抛运动,仅存索引,拾光,C可拓展,希望直接用水平匀速和竖直自由落体分解来计算水平位移,"## 讲题草稿（仅供教师，不含标准答案，不打分、不排名）

### 覆盖说明
索引 GAO1-BX2-PINGPAO-06 的主题是平抛运动，属于高中物理必修2及以后内容。按当前范围，高中只覆盖高一必修1，本题暂不覆盖。

版权状态同时为仅存索引，因此不复述、不还原原题全文，也不补写分解运动的讲题步骤。

学员只用化名：拾光。不根据化名或分层判断谁应先学，不打分、不排名。

### 讲题思路
五步解题法本草稿不展开，避免把未覆盖内容写成可操作解法。课堂上若学生拿出该索引，只说明范围之外，不带领审题、建模、过程分析、列方程和求解。

### 错因诊断
拾光提出的分解计算愿望，与必修2专题有关。在未覆盖之前，不把该愿望诊断成具体计算错因，也不纠正到某一公式。只记录：学员希望处理平抛，需老师决定是否另开必修2专题。

### 变式训练
不编写平抛变式，以免在未覆盖范围内提供训练路径。必修1已覆盖的匀变速直线运动，不在本条档案里混讲。

### 待老师确认的班级解题档案
班级：高一3班。年级推断：高一。教材版本待老师确认。索引：GAO1-BX2-PINGPAO-06。版权：仅存索引，不保存原题全文。主题超出必修1，状态：暂不覆盖。化名拾光，分层C可拓展。是否改派到必修2专题、是否更换为必修1题目，均待老师确认。未记录标准答案。"