学习内容,内容类型,提醒类型,频率,学习日期,提醒时段,同意提醒,允许共享,提醒方案
牛顿第一定律,理解类,复习提醒,标准间隔,2026-03-02,放学后,是,否,"# 提醒方案：牛顿第一定律
状态：已同意提醒，可创建。普通日最多3条，下列每个发送日仅1条。

## 间隔安排
以学习日期2026-03-02为第0天，标准间隔为第1、3、7、14、30天。
- 2026-03-03 16:40
- 2026-03-05 16:40
- 2026-03-09 16:40
- 2026-03-16 16:40
- 2026-04-01 16:40
发送窗口：放学后16:30-17:30。22:00-8:00不发送。

## 每条提醒文案
检验形式：理解类，开放问答。
1. 2026-03-03 16:40｜冰壶在冰面上滑行时，摩擦力很小，它为什么不会马上停下？用自己的话写一句就好，不用背定义。回复「完成」。
2. 2026-03-05 16:40｜不受力和合力为零，都会让物体保持原来的运动状态。请举一个你今天能看见的例子。回复「完成」；想不起就回复「不会」。
3. 2026-03-09 16:40｜有人说第一定律不能直接做实验，所以不可信。你同意吗？写两句理由。辛苦你愿意回头想一想。回复「完成」。
4. 2026-03-16 16:40｜公交车突然刹车时人会向前倾。请先判断这和惯性有没有关系，再补一句理由。回复「完成」。
5. 2026-04-01 16:40｜一个月后再见。请用三句话告诉没学过的同学：力不是维持运动的原因，而是改变运动状态的原因。回复「完成」，想再练回复「再来一题」。

## 学生可回复的动作
- 完成：标记本条已巩固
- 不会：同一窗口改发更短的一问，不新增发送日
- 稍后：改到当日19:00-20:00补发一次，当日仍最多3条
- 再来一题：只追加一道开放问答

## 暂停/取消/调频口令
- 暂停提醒：暂停未发提醒，不删除记录
- 取消提醒：取消本条全部未发提醒
- 改成每周一次、改成记忆高频、改成错题强化、改成标准间隔：按对应频率重排未发提醒

## 共享边界
允许共享为否。不读取其他技能资料，不向同学、家长或外部服务共享学习内容与回复。"
英语不规则动词12个,记忆类,复习提醒,记忆高频,2026-03-04,早起,是,否,"# 提醒方案：英语不规则动词12个
状态：已同意提醒，可创建。普通日最多3条，下列每个发送日仅1条。

## 间隔安排
记忆高频：前3天每天，再接标准间隔中尚未覆盖的第7、14、30天。学习日期2026-03-04。
- 2026-03-05 08:00
- 2026-03-06 08:00
- 2026-03-07 08:00
- 2026-03-11 08:00
- 2026-03-18 08:00
- 2026-04-03 08:00
时段说明：早起原窗口7:00-7:30落在22:00-8:00禁发时间内，故发送时刻调整为8:00，不在禁发时段发送。

## 每条提醒文案
检验形式：记忆类，填空默写。学生文案不附答案。
1. 2026-03-05 08:00｜早起只要三格：go-____-____；see-____-____；take-____-____。写完回复「完成」，对不上回复「不会」。
2. 2026-03-06 08:00｜今天换三个：eat-____-____；write-____-____；buy-____-____。不用求快，写对更重要。回复「完成」。
3. 2026-03-07 08:00｜come-____-____；give-____-____；know-____-____。默写后回复「完成」。
4. 2026-03-11 08:00｜把前几天错得最多的3个再默一遍，格式仍是原形-过去式-过去分词。回复「完成」。
5. 2026-03-18 08:00｜闭卷填空：go、see、take、eat各写过去式和过去分词。回复「完成」。
6. 2026-04-03 08:00｜十二个里任选六个默写。想加练回复「再来一题」。你能坚持到这里，已经很稳。回复「完成」。
核对提示：went/gone，saw/seen，took/taken，ate/eaten，wrote/written，bought/bought，came/come，gave/given，knew/known。

## 学生可回复的动作
- 完成：标记本条已默写
- 不会：同一发送时刻改发其中1个动词，不新增一天
- 稍后：当日不跨入22:00-8:00，不另设清晨补发
- 再来一题：再抽3个动词填空

## 暂停/取消/调频口令
- 暂停提醒
- 取消提醒
- 改成每周一次、改成记忆高频、改成错题强化、改成标准间隔

## 共享边界
允许共享为否。不读取其他技能资料，不共享词表进度与默写回复。"
一元二次方程行程应用,应用类,复习提醒,标准间隔,2026-03-06,夜间,是,是,"# 提醒方案：一元二次方程行程应用
状态：已同意提醒，可创建。普通日最多3条，每个发送日1条。

## 间隔安排
标准间隔，学习日期2026-03-06。
- 2026-03-07 20:20
- 2026-03-09 20:20
- 2026-03-13 20:20
- 2026-03-20 20:20
- 2026-04-05 20:20
发送窗口：夜间20:00-21:00。22:00-8:00不发送。不编造题目中未给出的时长或路程。

## 每条提醒文案
检验形式：应用类，变形练习。只改条件，不新造未提供的数据。
1. 2026-03-07 20:20｜拿出今天的行程题，只改一个条件：把两人速度对调，方程怎么列？写出式子即可。回复「完成」。
2. 2026-03-09 20:20｜把相遇改成追及，或把追及改成相遇，仍用原题里的已知量。列出变形后的方程。回复「完成」或「不会」。
3. 2026-03-13 20:20｜原题若求时间，今晚改问：哪个量一变，方程的二次项就会变？用一两句说明。回复「完成」。
4. 2026-03-20 20:20｜用原题数据再列一次方程，并标出哪一步用了路程关系。不用重算全部数值。回复「完成」。
5. 2026-04-05 20:20｜给自己出一道同类型变形：只更换谁先出发，不增加新数字。列出方程后回复「完成」。想再变一次回复「再来一题」。

## 学生可回复的动作
- 完成：标记本条变形已做
- 不会：改问今天卡在列式的哪一步，不追加新题
- 稍后：仍限于当日20:00-21:00，不延到22:00后
- 再来一题：只再改一个已有条件

## 暂停/取消/调频口令
- 暂停提醒
- 取消提醒
- 改成每周一次、改成记忆高频、改成错题强化、改成标准间隔

## 共享边界
允许共享为是。仅在学生已授权的对象范围内同步是否完成；本次没有其他资料，不读取其他技能资料，不臆造额外题目或成绩。"
分数加减通分错题,错题类,复习提醒,错题强化,2026-03-08,午休,是,否,"# 提醒方案：分数加减通分错题
状态：已同意提醒，可创建。普通日最多3条，每个发送日1条。

## 间隔安排
错题强化为第1、2、5、10、21天。学习日期2026-03-08。
- 2026-03-09 12:10
- 2026-03-10 12:10
- 2026-03-13 12:10
- 2026-03-18 12:10
- 2026-03-29 12:10
发送窗口：午休12:00-12:30。22:00-8:00不发送。

## 每条提醒文案
检验形式：错题类，针对性练习。针对通分时漏改分子、或分母直接相加。
1. 2026-03-09 12:10｜先别求结果。写出1/2与1/3的公分母，以及通分后的两个分数。回复「完成」。
2. 2026-03-10 12:10｜针对昨天的错法：通分时分子要不要跟着乘？用1/4+1/6写清这一步。回复「完成」或「不会」。
3. 2026-03-13 12:10｜只练判断：1/2+1/3的分母是不是2+3？先答是或否，再写正确公分母。回复「完成」。
4. 2026-03-18 12:10｜重做你原来错的那一题，在通分那一行旁边标出分子如何变化。回复「完成」。
5. 2026-03-29 12:10｜用一道同分母、一道异分母对照，各写一步通分或直接相加。做完回复「完成」。你已经在盯住真正的错处。
核对提示：1/2+1/3应通分为3/6+2/6；1/4+1/6应通分为3/12+2/12。学生文案不直接给结果。

## 学生可回复的动作
- 完成：标记本条针对性练习已做
- 不会：当日只保留这一条，改问公分母是多少
- 稍后：午休窗口内不补发到夜间
- 再来一题：再出一道异分母加减，不扩大到乘除

## 暂停/取消/调频口令
- 暂停提醒
- 取消提醒
- 改成每周一次、改成记忆高频、改成错题强化、改成标准间隔

## 共享边界
允许共享为否。不读取其他技能资料，不共享错题原页与回复。"
背诵默写春望,记忆类,计划提醒,每周一次,2026-03-10,放学后,是,否,"# 提醒方案：背诵默写春望
状态：已同意提醒，可创建。每周一次为降频，普通日最多3条，实际每周仅1条。

## 间隔安排
自学习日期2026-03-10起每7天1条，不叠加日间隔。
- 2026-03-17 19:10
- 2026-03-24 19:10
- 2026-03-31 19:10
- 2026-04-07 19:10
发送窗口：放学后19:00-20:00。22:00-8:00不发送。未提供时长，方案不写分钟数。

## 每条提醒文案
今天要做的事：背诵并默写《春望》。做完回复「完成」。
1. 2026-03-17 19:10｜今天只做一件事：背诵并默写《春望》。默写完回复「完成」。没写完不要硬撑，回复「不会」即可。
2. 2026-03-24 19:10｜本周计划仍是这一件：背诵并默写《春望》。做完回复「完成」。
3. 2026-03-31 19:10｜今天要做的事没有加码，还是背诵并默写《春望》。完成后回复「完成」。
4. 2026-04-07 19:10｜降频后的这一次，仍然只请你背诵并默写《春望》。做完回复「完成」。你按自己的节奏来就好。

## 学生可回复的动作
- 完成：标记今天这件事已做完
- 不会：不追加任务，下一次仍只保留这一件
- 稍后：可改到当日16:30-17:30，当日合计不超过3条
- 不使用「再来一题」，避免把计划提醒变成加练

## 暂停/取消/调频口令
- 暂停提醒
- 取消提醒
- 改成每周一次、改成记忆高频、改成错题强化、改成标准间隔

## 共享边界
允许共享为否。不读取其他技能资料，不共享默写内容。"
独立完成电路实验的感受,理解类,探索提醒,标准间隔,2026-03-12,夜间,否,否,"# 建议方案：独立完成电路实验的感受
状态：同意提醒为否，本次不创建提醒，只给出可日后启用的建议。

## 间隔安排
若以后同意，可按标准间隔、学习日期2026-03-12建议这些日子，窗口为夜间20:00-21:00：
- 2026-03-13 20:30
- 2026-03-15 20:30
- 2026-03-19 20:30
- 2026-03-26 20:30
- 2026-04-11 20:30
22:00-8:00不发送。普通日最多3条；建议每个发送日只发1条。当前一条都不发送。

## 每条提醒文案
探索提醒按咖啡聊天三问回收感觉，不考试，不评判对错。
1. 今天这件事里，哪一刻让你有点在意？
2. 它更像轻松、卡住，还是好奇？
3. 如果只用喝一杯咖啡的时间，你想对这次实验说一句什么？
建议文案：今晚不用复习电路知识。三问写下短句就够：哪一刻在意、更像哪种感觉、想对实验说的一句。回复「完成」。

## 学生可回复的动作
- 完成：表示三问已回答
- 不会：可以只答其中一问
- 稍后：仅建议改到同一夜间窗口，当前不发送
- 跳过：本次探索可以不答

## 暂停/取消/调频口令
当前没有已创建提醒。若以后创建，可用：暂停提醒、取消提醒、改成每周一次、改成记忆高频、改成错题强化、改成标准间隔。

## 共享边界
允许共享为否。不读取其他技能资料，不共享感受回复。本条仅为建议，不创建。"
今天的数学作业收尾,应用类,每日确认,每周一次,2026-03-14,夜间,是,否,"# 提醒方案：今天的数学作业收尾
状态：已同意提醒，可创建。每周一次为降频。每日确认固定为晚间30秒三问，普通日只发1条。

## 间隔安排
学习日期2026-03-14，之后每周1条。
- 2026-03-21 20:40
- 2026-03-28 20:40
- 2026-04-04 20:40
- 2026-04-11 20:40
发送窗口：夜间20:00-21:00，符合晚间确认，且不落入22:00-8:00。未提供作业时长，文案不写分钟数。

## 每条提醒文案
晚间30秒三问，每次都用这三问：
1. 今天最想记住的一点是什么？
2. 哪一处还没弄懂？
3. 明天只做一件最小的事，是什么？
发送文案：用30秒回答三问即可，不必展开。答完回复「完成」。今天已经够用了，剩下的留到明天那一件。

## 学生可回复的动作
- 完成：三问已答完
- 不会：允许三问里空一条
- 稍后：仍须在20:00-21:00内，不延后到22:00
- 跳过：本周确认可跳过，不补债

## 暂停/取消/调频口令
- 暂停提醒
- 取消提醒
- 改成每周一次、改成记忆高频、改成错题强化、改成标准间隔

## 共享边界
允许共享为否。不读取其他技能资料，不共享三问回答。"
配平三道化学方程式,应用类,计划提醒,标准间隔,2026-03-16,午休,否,是,"# 建议方案：配平三道化学方程式
状态：同意提醒为否，本次不创建提醒，只给出建议方案。

## 间隔安排
若以后同意，标准间隔、学习日期2026-03-16，可建议：
- 2026-03-17 12:15
- 2026-03-19 12:15
- 2026-03-23 12:15
- 2026-03-30 12:15
- 2026-04-15 12:15
窗口：午休12:00-12:30。22:00-8:00不发送。普通日最多3条，建议每日1条。当前不发送。未提供时长，不写分钟数，也不新编方程式。

## 每条提醒文案
今天要做的事：配平已经留下的三道化学方程式。做完回复「完成」。
建议文案：今天只做已布置的三道配平，不增加新题，不设定时长。做完回复「完成」；其中某道没有配平，回复「不会」。

## 学生可回复的动作
- 完成：标记这三道已做完
- 不会：不自动换题，只保留原三道
- 稍后：建议仍在午休窗口，当前不发送
- 不使用「再来一题」，避免编造新方程式

## 暂停/取消/调频口令
当前无已创建提醒。以后若创建，可用：暂停提醒、取消提醒、改成每周一次、改成记忆高频、改成错题强化、改成标准间隔。

## 共享边界
允许共享为是，但本次未创建提醒，也没有其他资料。不读取其他技能资料，不臆造作业内容；即使以后共享，也只同步是否完成，不扩散题目原文。"
甲午中日战争与戊戌变法年份,记忆类,复习提醒,记忆高频,2026-03-18,放学后,是,是,"# 提醒方案：甲午中日战争与戊戌变法年份
状态：已同意提醒，可创建。普通日最多3条，每个发送日1条。

## 间隔安排
记忆高频：前3天每天，再接标准间隔尚未覆盖的第7、14、30天。学习日期2026-03-18。
- 2026-03-19 16:50
- 2026-03-20 16:50
- 2026-03-21 16:50
- 2026-03-25 16:50
- 2026-04-01 16:50
- 2026-04-17 16:50
发送窗口：放学后16:30-17:30。22:00-8:00不发送。

## 每条提醒文案
检验形式：记忆类，填空默写。学生文案不附年份。
1. 2026-03-19 16:50｜填两格：甲午中日战争爆发于____年；戊戌变法发生在____年。回复「完成」。
2. 2026-03-20 16:50｜只默写年份，不解释背景：甲午____；戊戌____。回复「完成」或「不会」。
3. 2026-03-21 16:50｜把两个年份写在同一行，并注明哪一个在前。回复「完成」。
4. 2026-03-25 16:50｜闭卷再填一次两个年份。填完就可以放下。回复「完成」。
5. 2026-04-01 16:50｜填空：____年甲午战争爆发，____年戊戌变法。回复「完成」。
6. 2026-04-17 16:50｜最后一次默写这两个年份。想再默一次回复「再来一题」。回复「完成」。
核对提示：1894；1898。

## 学生可回复的动作
- 完成：标记本条已默写
- 不会：同一窗口只重复空格，不追加历史事件
- 稍后：改到当日19:00-20:00，当日最多3条
- 再来一题：只再默这两个年份

## 暂停/取消/调频口令
- 暂停提醒
- 取消提醒
- 改成每周一次、改成记忆高频、改成错题强化、改成标准间隔

## 共享边界
允许共享为是。可在已授权范围内同步本条是否完成。本次无其他资料，不读取其他技能资料，不把年份记忆同步给未授权对象。"
全等三角形判定错题,错题类,复习提醒,错题强化,2026-03-20,早起,是,否,"# 提醒方案：全等三角形判定错题
状态：已同意提醒，可创建。普通日最多3条，每个发送日1条。

## 间隔安排
错题强化为第1、2、5、10、21天。学习日期2026-03-20。
- 2026-03-21 08:00
- 2026-03-22 08:00
- 2026-03-25 08:00
- 2026-03-30 08:00
- 2026-04-10 08:00
时段说明：早起原窗口7:00-7:30落在22:00-8:00禁发时间内，发送时刻调整为8:00。

## 每条提醒文案
检验形式：错题类，针对性练习。针对把SSA误当成全等判定。
1. 2026-03-21 08:00｜只判断：两边及其中一边的对角对应相等，是否总能判定全等？先答能或不能。回复「完成」。
2. 2026-03-22 08:00｜从SSS、SAS、ASA、AAS里选一个，改写你那道错题的已知条件，使它足以判定全等。回复「完成」或「不会」。
3. 2026-03-25 08:00｜写出你原来用错的判定，并在旁边写上应改用的判定简称。回复「完成」。
4. 2026-03-30 08:00｜重看那两道错题，每道只补一行：所缺的是边还是角。回复「完成」。
5. 2026-04-10 08:00｜用一句话提醒未来的自己：SSA不能当作一般全等判定。写完回复「完成」。这一步很小，但很有用。

## 学生可回复的动作
- 完成：标记本条针对性练习已做
- 不会：改问应改用的判定简称，不新出证明题
- 稍后：不回退到8:00前的禁发时段
- 再来一题：只再判断一次某个条件组合是否足以全等

## 暂停/取消/调频口令
- 暂停提醒
- 取消提醒
- 改成每周一次、改成记忆高频、改成错题强化、改成标准间隔

## 共享边界
允许共享为否。不读取其他技能资料，不共享错题与回复。"