概念名称,概念类型,已记公式,直觉讲解
速度,有明确生活体验,v=s/t,"【生活经验】同样走去学校，走得快的人用时更短；同样时间里，跑得远的人更快。快慢首先是“路程除以时间”的生活感觉，不是抽象符号。【实验想象】在平直跑道上每隔1秒拍一张位置照片：照片间距均匀且较大，就是速度大且稳定；间距变大或变小，说明这段不能只用一个速度概括。【公式推导】把这段位移记为s、所用时间记为t，平均速度定义为v=s/t；单位用m/s，方向与位移相同。它回答的是“平均每秒挪多远”，不保证每一瞬间都一样快。【迁移验证】若10秒走了30米，则v=3 m/s；换到骑车5秒通过20米，仍用同一比值得到4 m/s，说明公式迁移的是“位移与时间的比”，不是某一种交通工具。"
加速度,抽象但可想象,a=Δv/Δt,"【生活经验】电梯刚启动时身体发沉、刹车时身体前倾，感到的不是速度本身，而是速度正在变。【实验想象】想象小车速度计：每秒读数增加2 m/s，则加速“均匀且明显”；读数不变则加速度为零，即使速度已经很大。【公式推导】取速度变化量Δv、发生这段变化的时间Δt，定义a=Δv/Δt。正负表示速度沿选定正方向增大或减小；a大表示速度改得急，不表示此时速度一定大。【迁移验证】从0加速到10 m/s用了5秒，a=2 m/s；从10 m/s减到0也用5秒，则Δv=-10 m/s，a=-2 m/s。同一算法可迁到汽车刹车：速度高但减得慢，加速度绝对值仍可以不大。"
惯性,有明确生活体验,无定量公式（牛顿第一定律：不受力则保持原有运动状态）,"【生活经验】急刹车时人会前冲，地毯突然被抽走杯子却还在原处附近，这是物体要维持原来运动状态。【实验想象】想象冰面越光滑，轻轻一推后滑行越远；若完全没有摩擦和空气阻力，它将一直匀速直线下去，不必再“推着才动”。【公式推导】这里没有像F=ma那样的计算式。第一定律给出的是基准：合外力为零时，速度不变（含静止这一特例）。质量越大，同样的力越难改变其速度，所以质量是惯性大小的量度，但惯性本身不是一个要代入的新公式。【迁移验证】把“刹车前冲”迁到公交车起步后仰：起步时脚随车加速，上身仍想保持原来较慢的速度，所以相对车向后倾。两种情况都是运动状态来不及马上改。"
牛顿第二定律,已背公式但不理解,F=ma,"【生活经验】同样的购物车，推得越狠它加速越猛；装得越满，同样的推力反而越难加速。力改的是速度的变化率，不是直接等于速度。【实验想象】水平气垫导轨上几乎无摩擦：恒定拉力时速度计读数均匀增加；拉力加倍，速度每秒的增量也加倍；质量加倍而拉力不变，增量减半。【公式推导】把“速度变化有多急”写成a，实验归纳出合外力F与a成正比、与质量m成反比，写成F=ma（或a=F/m）。F必须是合外力，方向与a相同；m是惯性大小。公式把“受力”和“运动变化”连起来，而不是说力大速度就大。【迁移验证】已知m=2 kg、合外力4 N，则a=2 m/s。迁到下落：若空气阻力可忽略，合外力约为mg，于是a=g，与质量无关。这能解释真空管里铁球和羽毛一起落。"
动能,已背公式但不理解,Ek=1/2 mv^2,"【生活经验】同样的球，扔得越快越能把沙坑砸深；同样速度，铅球比乒乓球更“有劲”。破坏或做功的本领来自运动，且对速度特别敏感。【实验想象】让小车从不同高度滑下再去压缩弹簧：到达底部速度更大时，弹簧被压得更短。速度加倍时，压短量不是加倍，而更接近与速度平方对应的能量关系。【公式推导】用功定义能量变化：恒力F沿位移s做功W=Fs。若物体由静止加速，a=F/m，且v^2=2as，于是W=mas=1/2 mv^2。因此把1/2 mv^2称为动能，它等于该速度下相对静止能对外做的功。【迁移验证】m=1 kg、v=2 m/s时Ek=2 J；v变为4 m/s，Ek变为8 J，是4倍不是2倍。迁到刹车：要停下来必须用摩擦力做掉这些功，速度加倍，刹车距离大约变为4倍。"
重力势能,抽象但可想象,Ep=mgh,"【生活经验】书从桌面掉到脚上比从很低处滑落更疼；同质量的物体，举得越高，松手后越能砸实、也越能带动别的东西。【实验想象】用绳把砝码慢慢升高h，手始终要平衡重力mg，绳的位移为h，手做功约mgh。松手后这些“存进去的功”会在下落中变成动能。【公式推导】把缓慢举起时克服重力做的功定义为势能增量：ΔEp=mgh（近地面、g视为常量，且常选地面或桌面为h=0）。势能属于物体与地球这一系统，零点可任选，真正有用的是高度差，不是某一处的绝对数字。【迁移验证】m=0.5 kg、升高2 m，ΔEp≈0.5×10×2=10 J。迁到过山车：从高处降到低处，高度差相同则势能减少相同，在摩擦可忽略时动能增加也相同，与轨道弯不弯无直接关系。"
动量,已背公式但不理解,p=mv,"【生活经验】接住慢速网球容易，接住同样速度的篮球更难停住；快速飞来的小球也可能很难接。难接的是“质量和速度绑在一起”的运动量，不是质量或速度单独一项。【实验想象】两辆小车对撞：质量大、速度大的车更不容易被撞回头。若一辆车速度变为零，另一辆被弹出，可用“碰前总量接近碰后总量”来核对，而不是只看谁质量大。【公式推导】由F=ma=mΔv/Δt，得FΔt=mΔv=Δp。左边是冲量，右边是动量变化。于是定义p=mv，方向与速度相同。动量把“力作用多久”和“运动状态改多少”连在同一本账上。【迁移验证】0.2 kg的球以10 m/s飞来，p=2 kg·m/s；要用0.1秒停住，平均力约为Δp/Δt=20 N。迁到跳远落地主动屈膝：同样的动量变化被拉长到更大的Δt，平均冲击力就变小。"
压强,有明确生活体验,p=F/S,"【生活经验】书包带宽一点肩膀没那么疼；图钉尖按下去容易进墙。力差不多时，接触面积越小，单位面积上越“扎”。【实验想象】同一块砖平放、侧放、立放在海绵上：立放时海绵凹陷最深，因为重力没变，受力面积最小。【公式推导】把压力F除以受力面积S，定义p=F/S。它描述的是力的集中程度，不是力的总量。压力垂直于接触面；面积用的是实际受力面积，单位Pa即N/m。【迁移验证】50 N的压力分摊在0.01 m上，p=5000 Pa；若改成0.001 m，p变为50000 Pa。迁到滑雪板：人的重力几乎不变，板把S增大，对雪的压强减小，所以不易陷下去。"
浮力,有明确生活体验,F浮=ρ液 g V排,"【生活经验】在泳池里托人比在岸上轻；空瓶子按进水里会往上冒，按得越深、浸没越多，手要越用力，直到全部浸没后增加变慢。【实验想象】把物体慢慢压入溢水杯，排出的水被接住。物体越往下，排出的水越多，弹簧测力计读数越少；完全浸没后，再下压，排开体积不再增加，浮力也不再明显增加。【公式推导】排开液体的重力为G排=ρ液 g V排。阿基米德原理说浮力等于排开液体所受重力，故F浮=ρ液 g V排。它由周围液体的压强差产生，方向向上，不由物体自身密度单独决定；物体密度只影响它会浸入多少才平衡。【迁移验证】浸没体积2×10 m的铁块在水中，F浮≈1000×10×2×10=2 N。迁到盐水：ρ液变大，同样V排时浮力变大，所以鸡蛋在浓盐水里更容易浮起。"
欧姆定律,已背公式但不理解,I=U/R,"【生活经验】同一节电池，导线又粗又短时小灯泡更亮；换细长导线或串更大电阻，灯变暗。电压像“推电子的劲”，电阻像阻碍，电流是实际通过的流量。【实验想象】固定电阻，把电源电压从1 V调到2 V、3 V，电流表几乎也变成2倍、3倍；固定电压，把电阻加倍，电流约减半。这只在金属导体等欧姆元件、温度变化不大时成立。【公式推导】把上述正比、反比关系写成I=U/R，或U=IR。U是这段电路两端电压，R是该段电阻，I是通过该段的电流。它不是“电阻等于电压乘电流”，而是电流由电压和电阻共同决定。【迁移验证】U=6 V、R=3 Ω，则I=2 A。迁到串联两只3 Ω电阻：总电阻6 Ω，同一6 V下电流变为1 A；每只电阻两端约3 V，仍满足各自的U=IR。"
功,抽象但可想象,W=Fs cosθ,"【生活经验】沿平路推箱子，推得越远人越累；只用力顶住墙壁却没有挪动，墙没有被你做功。累不累还要看力是不是顺着位移使上了劲。【实验想象】弹簧测力计斜向上拉木块：竖直分力主要减轻压力，水平分力才沿位移推动木块。夹角越接近90°，同样的力和位移下，木块获得的“有用推进”越少。【公式推导】恒力F、位移s、夹角θ时，只有沿位移的分量F cosθ在做功，故W=Fs cosθ。θ<90°功为正，θ>90°功为负（如摩擦力常阻碍位移）。功是能量转移的量度，单位焦耳。【迁移验证】F=10 N、s=2 m、θ=0时W=20 J；θ=60°时cosθ=0.5，W=10 J。迁到提着书包水平走路：拉力向上、位移水平，θ=90°，这段手提力对书包不做功，书包动能也不靠它增加。"
滑动摩擦力,有明确生活体验,f=μN,"【生活经验】推重箱子比推空箱子更难滑动；橡胶鞋底比滑底鞋更抓地。接触面越“涩”、压得越紧，滑动时拖住你的力越大。【实验想象】木块上逐步加砝码，用弹簧测力计水平匀速拉动：匀速时拉力等于滑动摩擦力。压力增大，拉力读数近似成比例增加；换成更粗糙的板，同样压力下读数更大。【公式推导】实验把滑动摩擦力写成f=μN。N是正压力，不一定等于重力（斜面或有向上提的力时要分开算）；μ由接触面材料与粗糙程度决定，没有单位。此式描述已经在滑的情形，静摩擦在最大静摩擦之前可以随外力变化，不能总套这个公式。【迁移验证】μ=0.2、N=50 N时f=10 N。迁到斜面：压力变为mg cosθ而不是mg，所以下滑时的滑动摩擦力是μ mg cosθ，坡越陡N越小，摩擦也略变小。"