学员化名,上课日期,课次类型,课堂速记,课后档案草稿
小林,2026-03-02,正课,"同分母分数加减练习3题全对；异分母通分2题对1题，错在最小公倍数。练习用时约18分钟。计划下节带分母互质例题。","# 课后记录草稿（供教师预览）
> 未经教师确认，不视为已保存。

- 学员化名：小林
- 学段：待补充
- 上课日期：2026-03-02
- 课次类型：正课

## 所学内容
分数加减：同分母加减、异分母通分。

## 掌握度
- 整体：待补充（速记未给整体评价）
- 同分母分数加减：练习3题全对
- 异分母通分：2题对1题；错题点为最小公倍数

## 课堂反应与证据
练习用时约18分钟。课堂状态分享授权待补充，此处只记与做题直接相关的可观察事实，不作特质推断。

## 进步
待补充（无以往对照）

## 教学调整
速记计划下节带分母互质例题。

## 下节课衔接点
继续异分母通分，复习最小公倍数，并进入分母互质例题。

## 课时消耗待确认建议
建议待确认是否消耗1课时。本草稿不直接扣减。

## 家长事实摘要
未生成。家长沟通授权未明确为真（待补充）。"
小雨,2026-03-03,正课,"英语阅读两篇短文。生词environment和protect能认读。句子翻译3句对2句。朗读第二段在长句处停顿。布置复习单词表1至8。","# 课后记录草稿（供教师预览）
> 未经教师确认，不视为已保存。

- 学员化名：小雨
- 学段：待补充
- 上课日期：2026-03-03
- 课次类型：正课

## 所学内容
英语阅读两篇短文；认读生词environment、protect；句子翻译；朗读第二段。

## 掌握度
- 整体：待补充
- 生词认读：environment、protect能认读
- 句子翻译：3句对2句
- 朗读：第二段长句处停顿

## 课堂反应与证据
完成两篇短文阅读与上述练习。课堂状态分享授权待补充，不写状态推断。

## 进步
待补充

## 教学调整
已布置复习单词表1至8。

## 下节课衔接点
复核单词表1至8；回看翻译错句与第二段长句朗读。错句原文待补充。

## 课时消耗待确认建议
建议待确认是否消耗1课时。本草稿不直接扣减。

## 家长事实摘要
未生成。家长沟通授权未明确为真（待补充）。"
阿宁,2026-03-04,补课,"补记叙文段落。能说出段落大意。中心句第一次找错，修改后正确。标出时间顺序词“然后”“后来”。","# 课后记录草稿（供教师预览）
> 未经教师确认，不视为已保存。

- 学员化名：阿宁
- 学段：待补充
- 上课日期：2026-03-04
- 课次类型：补课

## 所学内容
记叙文段落：段落大意、中心句、时间顺序标志词。

## 掌握度
- 整体：待补充
- 段落大意：能说出
- 中心句：第一次找错，修改后正确
- 时间顺序词：标出“然后”“后来”

## 课堂反应与证据
中心句经修改后正确。课文篇名待补充。课堂状态分享授权待补充，不写状态推断。

## 进步
待补充（速记未写与原课次的对照结果）

## 教学调整
待补充

## 下节课衔接点
可再练独立找中心句；篇目与原缺课范围待补充。

## 课时消耗待确认建议
建议待确认是否消耗1课时。本草稿不直接扣减。补课是否另行计费：待补充。

## 家长事实摘要
未生成。家长沟通授权未明确为真（待补充）。"
小北,2026-03-05,试听,"试听约30分钟，内容为一元一次方程移项。例题1独立完成。例题2去括号后符号出错。未约定正式课。","# 课后记录草稿（供教师预览）
> 未经教师确认，不视为已保存。

- 学员化名：小北
- 学段：待补充
- 上课日期：2026-03-05
- 课次类型：试听

## 所学内容
一元一次方程移项；例题2涉及去括号。

## 掌握度
- 整体：待补充
- 移项例题1：独立完成
- 去括号后符号：例题2出错

## 课堂反应与证据
试听约30分钟。未约定正式课。课堂状态分享授权待补充，不写状态推断。

## 进步
待补充（无既往记录）

## 教学调整
待补充

## 下节课衔接点
若续课，可从去括号变号再练。是否续课待补充。

## 课时消耗待确认建议
课次类型为试听，不生成扣减条目。

## 家长事实摘要
未生成。家长沟通授权未明确为真（待补充）。"
晨晨,2026-03-06,学员请假,"上课前收到请假通知，未说明原因。本节未上课，无课堂观察。","# 课后记录草稿（供教师预览）
> 未经教师确认，不视为已保存。

- 学员化名：晨晨
- 学段：待补充
- 上课日期：2026-03-06
- 课次类型：学员请假

## 所学内容
本节未上课。无。

## 掌握度
不适用。无课堂观察。

## 课堂反应与证据
无课堂观察。请假原因未说明，不补充猜测。

## 进步
待补充

## 教学调整
待补充（改期或顺延规则未写）

## 下节课衔接点
原计划教学内容待补充。

## 课时消耗待确认建议
请假是否消耗课时的规则待补充。不生成扣减条目，不直接扣减。

## 家长事实摘要
未生成。家长沟通授权未明确为真（待补充）。"
子涵,2026-03-07,教师取消,"教师侧取消本节并已通知改期。本节未上课，无课堂观察。","# 课后记录草稿（供教师预览）
> 未经教师确认，不视为已保存。

- 学员化名：子涵
- 学段：待补充
- 上课日期：2026-03-07
- 课次类型：教师取消

## 所学内容
本节未上课。无。

## 掌握度
不适用。无课堂观察。

## 课堂反应与证据
无课堂观察。速记仅记已通知改期，新日期待补充。

## 进步
待补充

## 教学调整
已通知改期；新上课日期待补充。

## 下节课衔接点
待补充。

## 课时消耗待确认建议
课次类型为教师取消，不生成扣减条目。

## 家长事实摘要
未生成。家长沟通授权未明确为真（待补充）。"
晓晓,2026-03-09,正课,"光合作用：能说出需要光和水，未提到二氧化碳。实验记录表填写完整。问氧气从哪来时回答“叶子”，未再说明。","# 课后记录草稿（供教师预览）
> 未经教师确认，不视为已保存。

- 学员化名：晓晓
- 学段：待补充
- 上课日期：2026-03-09
- 课次类型：正课

## 所学内容
植物光合作用条件；实验记录表；氧气来源提问。

## 掌握度
- 整体：待补充
- 光合作用条件：说出光和水，未提到二氧化碳
- 实验记录表：填写完整
- 氧气来源：回答“叶子”，未进一步说明

## 课堂反应与证据
上述问答与记录表为可观察事实。课堂状态分享授权待补充，不写状态推断。

## 进步
待补充

## 教学调整
待补充

## 下节课衔接点
补二氧化碳这一条件，并区分“叶子”与产生氧气的过程。过程表述待补充，不扩写未讲内容。

## 课时消耗待确认建议
建议待确认是否消耗1课时。本草稿不直接扣减。

## 家长事实摘要
未生成。家长沟通授权未明确为真（待补充）。"
远航,2026-03-10,正课,"行程问题2道。第1道画图后列式正确。第2道千米与米未统一。两道计算步骤本身无算术错误。","# 课后记录草稿（供教师预览）
> 未经教师确认，不视为已保存。

- 学员化名：远航
- 学段：待补充
- 上课日期：2026-03-10
- 课次类型：正课

## 所学内容
行程问题应用题2道，含画图列式与单位。

## 掌握度
- 整体：待补充
- 第1道：画图后列式正确
- 第2道：千米与米未统一
- 算术计算：两道计算步骤本身无错误

## 课堂反应与证据
以两道题的列式与单位处理为证据。课堂状态分享授权待补充，不写状态推断。

## 进步
待补充

## 教学调整
待补充

## 下节课衔接点
先统一单位再列式；可再练一道含千米与米的行程题。题目待补充。

## 课时消耗待确认建议
建议待确认是否消耗1课时。本草稿不直接扣减。

## 家长事实摘要
未生成。家长沟通授权未明确为真（待补充）。"
清清,2026-03-11,补课,"三角形内角和。量角器测量3次，求和分别为180度、179度、181度。能说出内角和是180度。证明未讲。","# 课后记录草稿（供教师预览）
> 未经教师确认，不视为已保存。

- 学员化名：清清
- 学段：待补充
- 上课日期：2026-03-11
- 课次类型：补课

## 所学内容
三角形内角和；用量角器测量并求和。证明未讲。

## 掌握度
- 整体：待补充
- 测量求和：3次结果为180度、179度、181度
- 结论复述：能说出内角和是180度
- 证明：未讲，掌握度待补充

## 课堂反应与证据
3次测量读数如上。误差原因速记未写，不猜测。课堂状态分享授权待补充。

## 进步
待补充

## 教学调整
本节未进入证明。

## 下节课衔接点
可先对照测量误差再决定是否讲证明。是否讲解待补充。

## 课时消耗待确认建议
建议待确认是否消耗1课时。本草稿不直接扣减。

## 家长事实摘要
未生成。家长沟通授权未明确为真（待补充）。"
一禾,2026-03-12,正课,"修改病句4句：成分残缺改对3句，搭配不当1句未改出。订正后能说出“搭配不当”，自举例子待补充。","# 课后记录草稿（供教师预览）
> 未经教师确认，不视为已保存。

- 学员化名：一禾
- 学段：待补充
- 上课日期：2026-03-12
- 课次类型：正课

## 所学内容
修改病句：成分残缺、搭配不当。

## 掌握度
- 整体：待补充
- 成分残缺：4句中改对3句
- 搭配不当：1句未改出；订正后能说出类型名称
- 自行举例：待补充

## 课堂反应与证据
当堂订正后能说出“搭配不当”。原句文本待补充。课堂状态分享授权待补充，不写状态推断。

## 进步
待补充

## 教学调整
待补充

## 下节课衔接点
用未改出的那句再改一次，并补一个搭配不当的例子。原句待补充。

## 课时消耗待确认建议
建议待确认是否消耗1课时。本草稿不直接扣减。

## 家长事实摘要
未生成。家长沟通授权未明确为真（待补充）。"
星野,2026-03-13,试听,"试听口语自我介绍约25分钟。能说姓名。年级未说。I like后误接动词原形1处，纠正后重说正确。","# 课后记录草稿（供教师预览）
> 未经教师确认，不视为已保存。

- 学员化名：星野
- 学段：待补充
- 上课日期：2026-03-13
- 课次类型：试听

## 所学内容
英语口语自我介绍；I like后的动词形式。

## 掌握度
- 整体：待补充
- 姓名：能说出
- 年级：未说，不补写
- I like加动词：1处误用原形，纠正后重说正确

## 课堂反应与证据
试听约25分钟。课堂状态分享授权待补充，不写状态推断。

## 进步
待补充

## 教学调整
当堂纠正后重说正确。是否约定正式课：待补充。

## 下节课衔接点
若续课，可再练I like后接名词或动名词。续课意向待补充。

## 课时消耗待确认建议
课次类型为试听，不生成扣减条目。

## 家长事实摘要
未生成。家长沟通授权未明确为真（待补充）。"
安安,2026-03-16,正课,"小数乘法竖式3题对2题。错题为小数点左移位数少1位。口算0.5乘8正确。","# 课后记录草稿（供教师预览）
> 未经教师确认，不视为已保存。

- 学员化名：安安
- 学段：待补充
- 上课日期：2026-03-16
- 课次类型：正课

## 所学内容
小数乘法竖式与口算。

## 掌握度
- 整体：待补充
- 竖式：3题对2题
- 小数点位置：错题为左移位数少1位
- 口算：0.5乘8正确

## 课堂反应与证据
以竖式对错与口算结果为证据。错题原式待补充。课堂状态分享授权待补充，不写状态推断。

## 进步
待补充

## 教学调整
待补充

## 下节课衔接点
先数小数位数再点小数点，并用错题同类型再做1题。题目待补充。

## 课时消耗待确认建议
建议待确认是否消耗1课时。本草稿不直接扣减。

## 家长事实摘要
未生成。家长沟通授权未明确为真（待补充）。"