学段,实验疑问,教练指导
初中（已开化学课）,实验室用高锰酸钾制取氧气，为什么常用排水法收集？怎样判断收集满了？,"先分清气体性质再选收集方法：氧气密度比空气略大，且不易溶于水，所以排水法和向上排空气法都可以。请对照两点自己判断：实验更强调气体较纯，还是装置更简单？排水法能减少空气混入，常用于要较纯氧气的场合。验满不要把带火星的木条伸进瓶内去“看是否复燃”，而应放在瓶口：木条复燃说明瓶口已有较多氧气逸出，即已收集满。操作前再核对：试管口略向下倾斜、棉花放在何处、先撤导管还是先熄灭酒精灯，想一想为什么要防止水倒吸。"
初中（已开化学课）,把二氧化碳通入澄清石灰水，为什么有时先变浑浊、继续通又变澄清？,"用“先生成什么、过量后又发生什么”来拆开现象。少量二氧化碳与氢氧化钙反应生成碳酸钙，所以变浑浊；二氧化碳过量时，碳酸钙会继续与二氧化碳、水作用生成可溶的碳酸氢钙，浑浊又消失。请自己写出两步反应，并想：若改通入久置、已吸收了二氧化碳的石灰水，现象会不会不明显？检验二氧化碳应使用新制澄清石灰水，且不宜长时间猛通。结论要对应证据：变浑浊可说明有二氧化碳，变澄清不能单独当成“没有二氧化碳”。"
初中（未开化学课）,把杯子倒扣在燃烧的蜡烛上，火焰为什么会熄灭？怎样设计对照才算公平？,"先观察再下结论，不要急着说“氧气没了”。火焰熄灭说明杯内支持燃烧的条件被破坏了，可能与氧气减少、二氧化碳增多有关。请设计对照：同样大小的杯子、同样的蜡烛、同时点燃，一个扣杯、一个不扣，只改变“是否隔绝空气”。还可比较大杯和小杯，看熄灭快慢是否不同。记录时写清：火焰高度、熄灭时间、杯壁是否有水雾。这个阶段不必写化学方程式，能用“燃烧需要空气（氧气）”解释即可。注意蜡烛和热水不要用手直接触碰，实验后确认火焰已灭。"
初中（已开化学课）,过滤粗盐水时，滤纸为什么会破，或者液体从滤纸与漏斗的缝里流下去？,"过滤要同时满足“不溶物留在滤纸上、液体顺利流下”。请按顺序自查：滤纸是否湿润并紧贴漏斗内壁；滤纸边缘是否低于漏斗边缘；液面是否低于滤纸边缘；玻璃棒是否靠在三层滤纸一侧；漏斗下端管口是否靠在烧杯内壁。破损多半是玻璃棒戳破或液面过高；未紧贴则过滤慢，还容易从缝隙漏下。除杂结论要分开写：过滤只能除去不溶性杂质，不能除去溶解的氯化钙、氯化镁。想一想：滤液仍浑浊，应如何处理，能不能直接倒回原烧杯？"
初中（已开化学课）,怎样用实验比较镁、锌、铁、铜的金属活动性？为什么不能只看“有没有气泡”就下结论？,"活动性比较要控制变量：金属形状和表面积尽量接近，酸的种类和浓度相同，同时观察气泡快慢，而不是只看有无。镁、锌、铁能与稀盐酸或稀硫酸反应且剧烈程度通常递减，铜不反应，可排出活动性顺序。请思考两个易错点：若铁表面有油污或氧化物，开始几乎无气泡，能不能说铁不如铜活泼？若酸已反应完，后放入的金属也不冒泡，这是活动性差还是反应物不足？铜不与稀酸反应，不能说明铜完全不发生置换，还需结合盐溶液实验。不要用浓酸，也不要把多种金属同时扔进同一杯酸里比速度。"
初中（已开化学课）,探究铁生锈的条件，三支试管应怎样设置？几天后如何根据现象下结论？,"生锈是铁与氧气、水共同作用的结果，所以对照要一次只改变一个条件。典型设计：一支铁钉接触水和空气；一支只接触经煮沸并密封的水（尽量隔绝氧气）；一支干燥空气中不接触水。请自己标出每支试管“有水/有氧气”是否具备。几天后只有同时接触水和氧气的铁钉明显生锈，才能说明两者都是必要条件。若干燥管也生锈，先检查是否没真正干燥，而不是立刻改结论。记录要用“是否生锈、锈的多少”，避免只写“变了”。实验后铁钉按实验室要求回收，不要随意丢弃。"
初中（已开化学课）,怎样检验一种白色固体中是否含有碳酸根？为什么要先加酸，再用澄清石灰水？,"检验碳酸根的思路是：加稀盐酸或稀硫酸，若产生气体，再把气体通入澄清石灰水，石灰水变浑浊，才能说明气体是二氧化碳，从而反推原固体含碳酸根。请想：只看到“有气泡”够不够？氢气、氧气也会有气泡或看起来像气体放出。只把固体投入石灰水、不变浑浊，也不能否定碳酸根，因为碳酸盐不一定直接使石灰水变浑。操作时导管口伸入石灰水，注意酸不要取得过多导致液体倒吸。若固体还可能含亚硫酸根等，初中阶段先按课本要求排除，不要把现象直接等同于唯一结论。"
初中（未开化学课）,做水的沸腾实验，温度计应该放在哪里？为什么沸腾时温度不再明显上升？,"先看仪器位置：温度计液泡要浸在水中，不要碰到烧杯底或壁，否则测到的不是水温。加热时记录水温随时间的变化，画出曲线。沸腾是水在内部和表面同时变成水蒸气，继续加热，热量主要用于水变蒸汽，所以温度保持在沸点附近，而不是一直升高。请用对照思考：火焰更大，沸腾更剧烈，温度会计不会继续明显升高？水量不同，开始沸腾的时间会不会不同？注意烧杯要垫石棉网，不要用手摸热杯，熄火后等冷却再整理。这个阶段用“吸热但温度不变”描述即可。"
高中,配制100 mL 0.100 mol/L氯化钠溶液，容量瓶使用和定容时最容易错在哪几步？,"先判断该不该用容量瓶：要配制一定体积、一定物质的量浓度的溶液，必须用相应规格的容量瓶，不能用烧杯或量筒代替最终体积。请按流程自查：计算所需溶质质量；称量后在烧杯中溶解并冷却至室温；沿玻璃棒转移到容量瓶；洗涤烧杯和玻璃棒2至3次并转入；加水至刻度线以下1至2 cm，再改用胶头滴管定容，使凹液面最低处与刻度线相切；塞紧后反复颠倒摇匀。想一想：未冷却就转移，或定容时仰视、俯视，浓度会偏高还是偏低？摇匀后液面下降是正常的，不要再补水。容量瓶不能用来溶解固体或长期存放溶液。"
高中,酸碱中和滴定接近终点时，为什么要半滴半滴加？怎样根据酚酞颜色变化判断终点而不是“滴定过量很多”？,"终点判断取决于指示剂颜色变化与计量点是否接近，不是把溶液滴到颜色很深。以强碱滴定强酸、酚酞作指示剂为例：接近终点时，锥形瓶中溶液由无色变为浅粉红色，且半分钟内不褪去，即可记录。请想：为什么这时要改为半滴，并用洗瓶冲洗锥形瓶内壁？因为一滴就可能明显过量，颜色过深说明碱加多了，不能把这个体积当成准确终点。读数时视线与凹液面最低处相平。平行实验至少做两次，取平均值前先看数据是否相差过大。滴定管使用前要查漏、润洗，锥形瓶则不能用待测液润洗，想清楚这两步对结果偏高还是偏低的影响。"
高中,乙醇在铜丝催化下被氧化，为什么铜丝要先烧黑，伸入乙醇后又变红？能据此写出什么结论？,"把颜色变化和铜的角色分开看。铜丝在空气中加热生成黑色氧化铜；伸入乙醇后，氧化铜把乙醇氧化为乙醛，自身被还原为铜，所以又变红。因此铜（或氧化铜与铜的循环）起催化作用，不是最终被消耗的反应物。请自己写出乙醇到乙醛的变化，并说明：闻到刺激性气味只能作为辅助现象，不能单独代替反应原理。实验应在通风条件下进行，酒精灯和热铜丝不要对着人，乙醇易燃，用量按课本控制。结论宜写“乙醇被氧化为乙醛，铜作催化剂”，不要写成“铜把乙醇点燃了”。"
高中,除去粗盐中的泥沙、氯化钙、氯化镁和硫酸钠，试剂加入顺序为什么不能随意？过滤应安排在何时？,"除杂要满足：不引入新的难除杂质，过量试剂能在后面除去，离子沉淀要在过滤前完成。泥沙不溶，可用过滤除去，但可溶性杂质应先转化为沉淀。常见思路是：先加过量氯化钡除硫酸根，再加过量碳酸钠，既除钙离子又除去过量钡离子，氢氧化钠可除镁离子，其与碳酸钠的相对顺序可以调整，但碳酸钠必须在氯化钡之后；沉淀完全后过滤，最后向滤液加适量盐酸除去过量氢氧根和碳酸根，至不再产生气泡。请自己解释：若先加碳酸钠再加氯化钡，滤液里会多出什么离子？若不过滤就加盐酸，生成的沉淀会怎样？每步都要用离子和现象核对，而不是背一个固定口诀。"