口语主题,学段,班额,课时分钟,目标侧重,学员口语水平,口语活动方案
校园社团招新,初中,40,40,流利,中等,"【AI 生成，入库前请人工验算】

# 校园社团招新口语任务

## 基本信息
- 学段：初中；班额：40人；课时：40分钟；侧重：流利；水平：中等
- 情境：学校英语社团开放日，学生要在限定时间内完成招新对话并交出一份入社意向单
- 明确结果：每组交出1张《招新结果单》（社团名、2条加入理由、1个可参加的时间、1个待确认问题）

## 分组与时间（请教师验算）
- 建议固定组：8组×5人。40÷5=8，无余数
- 组内角色：招新官2人、申请者2人、计时记录员1人；后半段交换
- 时间：热身3分钟 + 输入6分钟 + 分层任务14分钟 + 角色交换8分钟 + 全班输出6分钟 + 反馈3分钟 = 40分钟
- 大班控制：同时开口，教师只巡3组做流利度支架，不全班逐句纠错

## 输入准备
- 词块卡：club fair, join us because, meet every, you can try, sounds good, I’m not sure yet
- 示范30秒双人对话（只听一遍，不逐句翻译）
- 每组1张结果单、1个计时器（手机倒计时或沙漏）

## 分层任务
- 基础支架：申请者用 I like… / I can… 各说1句；招新官用 We meet… / You can… 回应
- 中等主任务：完成4轮问答并填满结果单，允许看词块、不允许读稿
- 提升挑战：增加1个异议（时间冲突或怕太难），用 Let’s… / What about… 协商出一个可执行时间

## 角色交换
- 第15–22分钟：招新官与申请者对调；记录员改任招新官，原招新官中一人改记录
- 交换后必须产生新结果，不能复读上一轮句子

## 输出练习
- 每组用40秒口头汇报结果单，不念全文，只说：社团、理由、时间、待确认问题
- 抽3组展示，其余组用举手表示是否听清时间

## 反馈与纠正
- 流利优先：先记停顿和自我修正，不中途打断
- 延迟纠错只收3个高频词块，板书后全班齐说2遍
- 同伴反馈句：You kept going. / Next time say the time clearer.

## 口语评价框架（教师审定，不对学员自动评分）
| 维度 | 观察点 | 记录 |
| 流利 | 能否连续说完4轮且自我续说 | 是/部分/否 |
| 任务 | 结果单四项是否说清 | 完成/缺项 |
| 互动 | 是否回应对方而非自说自话 | 有/弱 |
- 用途：下节分组参考，不计入自动分数，不排名

## 教师使用说明
内容供审定后使用。若40分钟被拖堂，优先砍全班展示，保留角色交换与结果单。"
周末计划协商,小学高段,36,35,准确,基础,"【AI 生成，入库前请人工验算】

# 周末计划协商

## 基本信息
- 学段：小学高段；班额：36人；课时：35分钟；侧重：准确；水平：基础
- 情境：两位同学要约一个周末活动，必须说清时间、地点和活动，并达成一个双方都接受的计划
- 明确结果：每对交出1句完整计划：On Saturday morning, we will … at …

## 分组与时间（请教师验算）
- 36人：12组×3人（2名协商者+1名准确检查员）。36÷3=12
- 时间：导入3 + 输入8 + 配对练习12 + 角色交换6 + 输出4 + 反馈2 = 35分钟
- 小学高段句子宜短，检查员只查三个点：星期、上午/下午、动词形式

## 输入准备
- 三列表：Day / Time / Activity（play football, visit grandma, read in the library）
- 句型条：On + day + morning/afternoon, I want to… / Let’s… / Sorry, I can’t. I …
- 教师慢速示范1次，学生跟读句型条，不跟读长对话

## 分层任务
- 必做：从三列表各选1项，说出目标句，检查员用手指点出三个信息是否都在
- 准确支架：动词用原形放在 will / want to 后；地点用 at the…
- 可选加句：因为时间冲突改期，仍必须输出一个新的完整句

## 角色交换
- 两人互换提议方与回应方；检查员与其中一人交换，保证每人至少说目标句1次
- 交换后活动不能与上一轮相同

## 输出练习
- 每组推1人面向邻组说目标句；邻组检查员判断：信息全/缺时间/缺地点
- 全班只抽2句上板，全班抄写正确形式（抄写服务准确，不代替口语）

## 反馈与纠正
- 当场只纠正目标句中的一个错误类型（如 On Saturday 不用 in）
- 口令：Say it again, slower and clear.
- 不逐人纠发音全集，只纠影响听懂的音

## 口语评价框架（教师审定，不对学员自动评分）
| 维度 | 达标 | 记录 |
| 准确 | 目标句三项信息正确 | 是/否 |
| 形式 | will/want to 后动词基本正确 | 是/需再练 |
| 参与 | 是否独立说出而非只读 | 独立/半独立 |
- 不做自动评分，不公布个人等第

## 教师使用说明
35分钟偏紧。若输入超时，压缩输出为邻组互查，不组织全班轮流说。"
社区环保提案,高中,45,45,得体,提升,"【AI 生成，入库前请人工验算】

# 社区环保提案陈述

## 基本信息
- 学段：高中；班额：45人；课时：45分钟；侧重：得体；水平：提升
- 情境：社区听证会，学生代表用得体英语提出一项可执行的环保建议，并回应一位居民的担心
- 明确结果：每组1份30秒提案卡：问题、建议、对居民的礼貌回应、下一步联系人

## 分组与时间（请教师验算）
- 45人：9组×5人。45÷5=9
- 角色：提案人、居民、主持人、记录员、语言观察员；后半段轮换提案人与居民
- 时间：情境3 + 输入7 + 组内提案16 + 角色交换8 + 听证会输出8 + 反馈3 = 45分钟

## 输入准备
- 得体功能句：I’d like to suggest…, We understand your concern…, Would you mind if…, One possible step is…
- 禁忌提醒：避免命令口吻 You must；避免空洞口号而无步骤
- 议题签3张：垃圾分类、共享单车停放、校园周边噪音（每3组同一议题，便于比较得体度）

## 分层任务
- 提升主任务：提案含让步（Although…, we still…）+ 具体行动 + 礼貌收尾
- 中等支架：按问题—建议—回应三步卡片说，可不使用让步从句
- 语言观察员只记是否使用了至少2个得体功能句，不改内容立场

## 角色交换
- 提案人与居民对调；主持人指定新担心点（费用、时间、是否打扰老人）
- 新一轮必须换一个行动步骤，不能复述

## 输出练习
- 每组推代表在“听证会”用不超过40秒发言；居民由邻组一人临场提问
- 全班只听3组，其余组提交提案卡供教师抽查

## 反馈与纠正
- 反馈顺序：任务是否可执行 → 语气是否尊重 → 最后才提语法
- 重铸示例：把 You must stop 重铸为 Could we start by…
- 不就环保观点辩论对错

## 口语评价框架（教师审定，不对学员自动评分）
| 维度 | 观察 | 备注 |
| 得体 | 建议与回应是否尊重对方关切 | 教师定性 |
| 信息 | 问题、步骤、下一步是否清楚 | 完成/缺 |
| 互动 | 是否针对提问作答 | 是/否 |
- 评价只用于课堂反馈，不对学员自动评分

## 教师使用说明
45人同时讨论噪音大，建议提案环节前2分钟为低声准备。内容入库前请核对时间加总。"
校园问路与指路,小学高段,42,40,流利,差异较大,"【AI 生成，入库前请人工验算】

# 校园开放日问路

## 基本信息
- 学段：小学高段；班额：42人；课时：40分钟；侧重：流利；水平：差异较大
- 情境：开放日，低年级访客找不到功能室，高段学生用英语把人送到正确地点
- 明确结果：每组完成2次成功送达，并在路线卡上画箭头+说出终点名称

## 分组与时间（请教师验算）
- 42人：7组×6人。42÷6=7
- 组内按水平配对：提升者与基础者同组，不按成绩公开分层
- 时间：热身4 + 输入6 + 分层问路14 + 角色交换8 + 输出5 + 反馈3 = 40分钟
- 同时活动，避免42人排队单个表演

## 输入准备
- 简易校园图：library, gym, dining hall, teachers’ office, gate
- 口令词块：Excuse me, where is…? Go straight. Turn left/right. It’s next to…
- 差异支架卡A（图+词）与卡B（只给终点，自己组织）

## 分层任务
- 基础：看图用3个口令把伙伴送到指定点，允许指图
- 中等：不指图，连续说完路线，对方复述终点
- 提升：对方听错一次，指路者换一种说法继续，不停止对话
- 组内规则：会的同学先示范半句，再让同伴自己说，禁止代说全文

## 角色交换
- 访客与指路者对调；每对人至少换一个新终点
- 原提升者第二轮只能提示一个词，不能连续代说

## 输出练习
- 每组选一对用20秒演示“问—指—确认到达”
- 全班跟做手势：straight / left / right，服务记忆而非考试

## 反馈与纠正
- 流利反馈：说完再帮；中断只在完全听不懂时
- 差异记录：基础生是否独立说出终点；提升生是否等待并追问
- 纠正集中在 left/right 与 next to，避免一次讲太多方位词

## 口语评价框架（教师审定，不对学员自动评分）
| 学生类型 | 观察点 | 记录 |
| 基础 | 能否独立说出终点和1个方向 | 能/部分 |
| 中等 | 路线是否连贯 | 连贯/断 |
| 提升 | 是否帮助而非替代 | 适当/代说 |
- 不自动评分，不把差异较大写成等级榜

## 教师使用说明
42人分组若教室窄，可改为7个站位点轮转。请人工确认7×6与时间合计。"
餐厅点餐与推荐,初中,38,40,得体,中等,"【AI 生成，入库前请人工验算】

# 餐厅点餐与推荐

## 基本信息
- 学段：初中；班额：38人；课时：40分钟；侧重：得体；水平：中等
- 情境：同学带交换生吃午餐，需礼貌点餐、处理售罄、并推荐一道适合对方的菜
- 明确结果：每组1张订单：2道菜、1个饮料、1句推荐理由、1个礼貌改单

## 分组与时间（请教师验算）
- 38人：9组×4人，余2人作为流动“经理”，每10分钟换一组听订单。9×4=36，余2
- 时间：导入3 + 输入7 + 点餐12 + 角色交换8 + 输出7 + 反馈3 = 40分钟
- 余2人任务明确，避免无组

## 输入准备
- 菜单6项，其中2项标售罄
- 得体句：Could I have…? I’m afraid it’s sold out. Would you like… instead? It’s a good choice if you…
- 过敏/不吃辣信息卡，防止只背菜单

## 分层任务
- 主任务：服务员不得体使用 Give me；必须用 Could I / Would you
- 中等：完成点餐+售罄改单
- 提升：根据对方“不吃辣/赶时间”调整推荐，并说明理由
- 流动经理抽查：订单是否与口头一致

## 角色交换
- 顾客与服务员对调；菜单售罄项更换，避免背诵
- 推荐者与记录者交换，保证四人都开口

## 输出练习
- 每组用30秒向经理复述订单与改单原因
- 抽2组演示“售罄—道歉—替代—确认”

## 反馈与纠正
- 先肯定礼貌标记，再改命令句
- 同伴句式：That sounded polite because…
- 不评价食物偏好

## 口语评价框架（教师审定，不对学员自动评分）
| 维度 | 证据 | 记录 |
| 得体 | 是否使用请求/道歉/替代 | 有/缺 |
| 任务 | 订单四项是否一致 | 一致/不一致 |
| 理由 | 推荐是否对应对方需求 | 是/弱 |
- 教师课后抽查订单卡，不对学员自动评分

## 教师使用说明
余数2人的流动角色是设计的一部分，实施前请再算38=9×4+2。"
校医室病情描述,初中,48,45,准确,基础,"【AI 生成，入库前请人工验算】

# 校医室病情描述

## 基本信息
- 学段：初中；班额：48人；课时：45分钟；侧重：准确；水平：基础
- 情境：学生身体不适，向校医说明症状、持续时间，并听懂一条简单建议
- 明确结果：每组1张就诊条：症状、时长、建议；三栏都由口头确认，不是默写

## 分组与时间（请教师验算）
- 48人：12组×4人。48÷4=12
- 角色：患者、校医、记录、准确核对员
- 时间：导入4 + 输入8 + 问诊14 + 角色交换8 + 输出7 + 反馈4 = 45分钟

## 输入准备
- 症状词限6个：headache, cough, sore throat, fever, stomachache, toothache
- 时长句：since this morning / for two days
- 建议句限3条：drink water, rest, see a doctor
- 安全边界：课堂只练语言，不提供真实诊疗；不适学生不参与表演症状

## 分层任务
- 必做准确点：I have a + 症状；since/for 不混用
- 基础：看词卡说两句，核对员指错即重说一次
- 稍高：校医用一般疑问句确认，患者用 Yes/No 完整回答

## 角色交换
- 患者与校医对调；症状卡轮换，不能重复同一症状
- 核对员必须听出 since/for 是否用对，用举手而不是喊错

## 输出练习
- 邻组互访：用20秒说明就诊条，对方只核三栏
- 全班处理2个典型错句，齐说正确形式

## 反馈与纠正
- 纠错聚焦搭配与 since/for，不展开病理词汇
- 教师重铸后学生重说，才算纠正完成
- 禁止取笑症状表演

## 口语评价框架（教师审定，不对学员自动评分）
| 维度 | 标准 | 记录 |
| 准确 | 症状搭配与时长标记 | 对/需再练 |
| 听懂 | 能否复述建议 | 能/不能 |
| 完整 | 就诊条三栏口头一致 | 是/否 |
- 只作教学记录，不对学员自动评分，不作为健康档案

## 教师使用说明
大班48人，问诊必须组内同时进行。若有学生真实不适，立即按学校流程处理，停止其角色扮演。"
未来职业微访谈,高中,40,45,流利,提升,"【AI 生成，入库前请人工验算】

# 未来职业微访谈

## 基本信息
- 学段：高中；班额：40人；课时：45分钟；侧重：流利；水平：提升
- 情境：校园广播用英语做90秒职业访谈，受访者需连续回答并追问一个细节
- 明确结果：每组提交访谈纪要：职业、一个日常任务、一个困难、一个建议；并完成一次不被稿子打断的90秒对话

## 分组与时间（请教师验算）
- 40人：10组×4人。40÷4=10
- 角色：主持人、受访者、追问员、计时员
- 时间：导入3 + 输入6 + 访谈准备与首轮16 + 角色交换10 + 输出7 + 反馈3 = 45分钟

## 输入准备
- 职业签：engineer, nurse, designer, teacher, guide（每组抽1，相邻组不重复更好）
- 流利策略：填充语 Well / Let me think、自我修正 I mean、延伸 because / for example
- 不提供全文范文，只提供问题框架：What do you do every day? What’s difficult? What advice…?

## 分层任务
- 主任务：受访者每问至少说2句，不能只答单词
- 提升：主持人被“不知道”打断后，改问更具体的问题继续，保持对话不停
- 计时员记录停顿超过3秒的次数，不记录语法错

## 角色交换
- 受访者与主持人互换；职业签传给下一组，避免重复背稿
- 第二轮必须新增一个例子

## 输出练习
- 2组做广播直播（控制在90秒）；其余组同时完成纪要口头互查
- 听众只反馈：是否一直在说、信息四点是否听到

## 反馈与纠正
- 流利反馈优先于准确性；语法放到下节微课
- 表扬自我修正，不要求一次说对
- 追问员分享一个让对话继续的问题

## 口语评价框架（教师审定，不对学员自动评分）
| 维度 | 观察 | 记录 |
| 流利 | 90秒内是否持续推进 | 持续/中断多 |
| 扩展 | 是否有例子或原因 | 有/无 |
| 互动 | 追问是否接住回答 | 是/否 |
- 纪要供教师审定，不对学员自动评分

## 教师使用说明
提升班易变成果展示课。请守住组内同时说，直播只作抽样。"
小组旅行方案协商,高中,36,40,得体,中等,"【AI 生成，入库前请人工验算】

# 三日旅行方案协商

## 基本信息
- 学段：高中；班额：36人；课时：40分钟；侧重：得体；水平：中等
- 情境：四人预算有限，要在两个目的地中选定一个，并让持不同意见的人感到被听见
- 明确结果：1份共识卡：目的地、不去另一个的礼貌理由、人均预算区间、集合时间

## 分组与时间（请教师验算）
- 36人：9组×4人。36÷4=9
- 时间：情境3 + 输入6 + 协商14 + 角色交换8 + 输出6 + 反馈3 = 40分钟

## 输入准备
- 两地信息卡（各3个事实：花费、交通、天气），禁止编造超出卡片的数字
- 得体协商句：I see your point, but… / Would it be better if… / Let’s meet in the middle.
- 每人一张偏好卡，保证组内至少两种意见

## 分层任务
- 中等主任务：每人发言不少于2句，且必须先回应上一人再提自己的点
- 支架：把回应句印在桌牌上
- 提升：用一句让步保住对方一个需求（如保留对方想要的集合时间）

## 角色交换
- 第2轮更换决策角色：原支持A地者改为主持共识，原主持改提条件
- 共识若与第1轮相同，必须改预算或集合时间中的一项，证明重新协商

## 输出练习
- 每组40秒汇报共识，必须包含一句对少数意见的承认
- 邻组用一句提问核对预算是否来自信息卡

## 反馈与纠正
- 重点纠“打断、否定过猛、只重复I think”
- 重铸：I disagree 改为 I see your point, but the cost is higher.
- 不评价旅游品味

## 口语评价框架（教师审定，不对学员自动评分）
| 维度 | 观察 | 记录 |
| 得体 | 是否先回应再提议 | 是/否 |
| 共识 | 四项是否说清且不超出信息卡 | 是/否 |
| 包容 | 是否承认不同意见 | 有/无 |
- 教师定性记录，不对学员自动评分

## 教师使用说明
40分钟内不要扩展成完整行程演讲。数字以卡片为准，入库前请人工核对分组36÷4。"
失物招领问询,小学高段,32,35,准确,中等,"【AI 生成，入库前请人工验算】

# 失物招领处问询

## 基本信息
- 学段：小学高段；班额：32人；课时：35分钟；侧重：准确；水平：中等
- 情境：学生在失物招领处描述丢失物品特征，工作人员核对后决定是否取回
- 明确结果：每对完成“认领成功”或“信息不符、不能取回”之一，并说出判断理由

## 分组与时间（请教师验算）
- 32人：8组×4人，组内再成2对。32÷4=8
- 时间：导入3 + 输入7 + 问询12 + 角色交换6 + 输出5 + 反馈2 = 35分钟

## 输入准备
- 物品卡与招领卡故意有1处差异（颜色或尺寸），训练听与说的准确
- 句型：I lost a… It’s… and… / Is it yours? / It doesn’t match.
- 颜色、大小词各4个，当堂可用范围封闭

## 分层任务
- 主任务：描述至少2个特征；工作人员复述后再判断
- 准确点：a/an、颜色在名词前、单复数与卡片一致
- 中等以上：解释不符点 It’s red, not blue.

## 角色交换
- 失主与工作人员对调；更换物品卡
- 第二轮必须出现一次“不能取回”，避免全部成功导致不听差异

## 输出练习
- 每组选一对用25秒演示判断
- 全班听写1个正确描述句，服务形式准确

## 反馈与纠正
- 纠错顺序：特征是否说对 → a/an与名词单复数 → 发音仅纠听感混淆的音
- 同伴核对：两个特征是否都被复述

## 口语评价框架（教师审定，不对学员自动评分）
| 维度 | 标准 | 记录 |
| 准确 | 特征与卡片一致 | 是/否 |
| 判断 | 匹配/不匹配理由清楚 | 清/不清 |
| 形式 | a/an与颜色位置基本正确 | 是/需练 |
- 不自动评分；认领结果不是奖惩

## 教师使用说明
差异卡需课前印好。35分钟不要增加写作招领启事。"
班级读书分享,高中,50,45,流利,差异较大,"【AI 生成，入库前请人工验算】

# 60秒读书分享会

## 基本信息
- 学段：高中；班额：50人；课时：45分钟；侧重：流利；水平：差异较大
- 情境：班级英语角，每人用口语推荐一本书或一个章节，听者决定是否借阅
- 明确结果：每组产生1份借阅单：书名、一类读者、一个不剧透的理由、是否建议借

## 分组与时间（请教师验算）
- 50人：10组×5人。50÷5=10
- 组内隐性分层：每组至少1名基础支架使用者和1名提升示范者，不公开标签
- 时间：导入3 + 输入6 + 组内分享16 + 角色交换8 + 输出8 + 反馈4 = 45分钟
- 大班关键：10组同时说，全班展示只抽样2组

## 输入准备
- 统一句框：This book is for people who… / One reason is… / I won’t tell the ending, but…
- 基础卡：书名+3个可用形容词；提升卡：只给句框，自行组织
- 可选用教材课文或学生已读短篇，不要求现场读原著

## 分层任务
- 基础：用句框说满40秒，允许看5个词，不允许读段落
- 中等：连续说60秒并回答1个问题
- 提升：听者问题偏题时，把对话拉回“是否值得借”，保持流利
- 组规：示范者先说20秒后必须停，把时间交给基础同学

## 角色交换
- 分享者与听者轮换，5人中每人至少分享1次或追问1次
- 第二轮换书或换章节，借阅决定可以改变，但要说出新理由

## 输出练习
- 每组记录员用30秒向邻组推销本组推荐，不复述全文
- 抽样2组；其余组把借阅单贴在组桌，供巡视

## 反馈与纠正
- 流利观察：是否靠填词继续，而不是长停后放弃
- 差异反馈分开写：基础生独立时长；提升生是否占用他人时间
- 延迟纠3个影响理解的表达，不逐组改从句

## 口语评价框架（教师审定，不对学员自动评分）
| 对象 | 观察 | 记录 |
| 基础 | 40秒是否基本独立完成 | 是/支架下完成 |
| 中等 | 60秒+回答是否连贯 | 是/否 |
| 提升 | 是否把说话权交还同伴 | 是/否 |
| 组任务 | 借阅单四项是否口头可核 | 完成/缺 |
- 记录供教师调整下节分组，不对学员自动评分，不排名

## 教师使用说明
50人课时容易变成少数人口语秀。实施时以组内轮流为完成标准。时间加总与50÷5请入库前人工验算。内容供教师审定后使用。"