学员化名,报告类型,学习记录文件,允许家长沟通,允许分享课堂状态,报告
小林,中期报告,records/xiaolin-midterm-notes.md,是,否,"教师自留版：学员化名小林；报告类型中期报告。随附学习记录未提供，课后记录、作业错因、进步证据、课时包均缺失，不推测、不换算百分比、不给出无依据续课建议。家长沟通授权未在记录中核到，虽允许家长沟通为是，仍不起草家长版。课堂状态不写入。待补记录后由教师审核再写。不发送。"
阿宁,续课报告,records/aning-renewal-pack.pdf,是,是,"教师自留版：学员化名阿宁；报告类型续课报告。学习记录文件名已列，正文未随附，事实与数字缺失，不推测课时余量或错因，不将定性判断写成百分比，续课建议暂缺依据。记录中的家长沟通授权与课堂状态授权均未核到，虽两项开关为是，仍只保留教师自留版，不起草家长版与话术。不发送。"
小北,期末报告,records/xiaobei-term-log.csv,否,否,"教师自留版：学员化名小北；报告类型期末报告。允许家长沟通为否，只输出教师自留版。随附记录未提供，不引用未核实的课后记录、作业错因、进步证据或课时包，不推测结论。计划：补齐记录后再按事实、进步、计划重写。不发送。"
星禾,里程碑报告,records/xinghe-milestone-01.txt,是,否,"教师自留版：学员化名星禾；报告类型里程碑报告。记录正文缺失，里程碑是否达成无依据，不编造分数或完成率。允许家长沟通为是，但记录中的家长沟通授权未核验为有效，不起草家长版。允许分享课堂状态为否，课堂状态不写。不发送。"
圆圆,应答报告,records/yuanyuan-response-log.md,否,是,"教师自留版：学员化名圆圆；报告类型应答报告。允许家长沟通为否，仅教师自留版。允许分享课堂状态为是，但记录中的相应授权未核到且无课堂记录正文，不描述课堂状态、不推测应答质量。缺数据项：课后记录、错因、进步证据、课时包。不发送。"
小满,中期报告,records/xiaoman-midterm.md,是,是,"教师自留版：学员化名小满；报告类型中期报告。两项开关均为是，但记录未随附，家长沟通授权与课堂状态授权均无法确认为有效，故不起草家长版、不写课堂状态。事实/进步/计划均因缺记录而空缺，不给出续课建议。不发送。"
江江,续课报告,records/jiangjiang-hours.xlsx,否,否,"教师自留版：学员化名江江；报告类型续课报告。允许家长沟通为否、允许分享课堂状态为否，只留教师版。课时包文件名已列、内容未提供，不推测剩余课时或续费节点，不把态度类判断换算成百分比。续课建议：待课时与错因记录齐备后再写。不发送。"
晚晚,期末报告,records/wanwan-final-review.md,是,否,"教师自留版：学员化名晚晚；报告类型期末报告。记录缺失，期末事实与进步证据不足，不写未证实结论。允许家长沟通为是，记录授权未核验，不产出家长版话术。允许分享课堂状态为否，不涉及课堂状态。不发送。"
青青,里程碑报告,records/qingqing-m2-notes.md,否,是,"教师自留版：学员化名青青；报告类型里程碑报告。允许家长沟通为否，仅教师自留版。允许分享课堂状态为是，但无有效授权记录且无课堂原文，不分享课堂状态。里程碑条目、错因、课时均缺失，不推测。不发送。"
小舟,应答报告,records/xiaozhou-qa-log.txt,是,是,"教师自留版：学员化名小舟；报告类型应答报告。开关均为是，记录授权仍未核到，不起草供审核的家长版，不写课堂状态。应答记录文件未提供正文，不统计正确率、不推测错因。结构预留：事实、进步、计划、续课建议，均待记录补齐。不发送。"
禾禾,中期报告,records/hehe-midterm-bundle.zip,否,否,"教师自留版：学员化名禾禾；报告类型中期报告。家长沟通与课堂状态分享均为否，只输出教师自留版。压缩包未展开、记录未核对，不引用任何数字，不把定性描述换成百分比，不写续课建议。不包含联系方式。不发送。"
南星,续课报告,records/nanxing-renewal-notes.md,是,否,"教师自留版：学员化名南星；报告类型续课报告。允许家长沟通为是，允许分享课堂状态为否。家长沟通授权未在记录中确认为有效，不起草家长版与沟通话术；课堂状态不写。课后记录、作业错因、进步证据、课时包均缺失，续课建议无依据，暂不建议。不发送。"