学段,答题场景,题目文字,题目图片,我的尝试,教练指导
初中,日常练习,"图中曲线表示某植物在不同光照强度下的二氧化碳吸收速率。请判断光饱和点大约出现在哪一段，并说明依据。","横轴为光照强度，纵轴为二氧化碳吸收速率；曲线先上升，后半段趋于平缓。","我觉得曲线一直在上升，没有饱和。","先别改口背定义。请只看图的后半段：斜率还有没有明显变大？**依据**：纵轴是二氧化碳吸收速率，可代表光合速率；横轴是光照强度。你说「一直上升」，要用曲线形态核对——若后段仍明显上斜，才支持未饱和；若已接近走平，说明继续增加光照，速率不再明显提高。请标出「由陡变缓并接近水平」的起点，再用该点对应的区段重写一句结论。先不直接给区段名称。"
高中合格考,日常练习,"曲线表示温度对某消化酶活性的影响。读出最适温度，并解释峰值右侧活性下降的原因。","横轴温度约0–80℃，纵轴酶活性；曲线约在37℃附近达到峰值，之后下降。","我选了曲线最高点对应的温度，但说不清高温后为什么下降。","最高点这一步抓对了。**依据**：图中活性最高的点对应横轴温度，就是最适温度；请读出峰值读数并写上单位。峰值右侧曲线下降，才是第二问的图中依据。联系教材：过高温会破坏酶的空间结构，活性下降且一般不可逆。请用「峰值右侧下降」作为证据，自己写原因，先不要抄标准表述。"
高中选考生物,日常练习,"图为某种群数量随时间变化的曲线。指出增长最快的大致位置，以及后期稳定水平在教材中对应的概念。","横轴为时间，纵轴为种群数量；曲线先缓慢上升，中段变陡，后期趋于一条水平线。","","图还没被你解读，先不给结论。请确认：横轴是时间，纵轴是种群数量。在图上标两处——曲线最陡的位置、后期接近水平的高度。**依据**只能来自这两处形态，不要先套公式。标完后回答：最陡处说明什么？水平段可能对应教材里的哪个名词？把名词和你标的位置写在一起即可。"
初中,考试或测验中,"根据心脏结构图，写出体循环的起点和终点。","心脏四腔及血管箭头示意图。","我还没写完。","你正在考试或测验中，这道题我先不讲，也不提示起点或终点。考完后把题目、图中标注和你的完整作答发来，我们再按图复盘。"
高中合格考,考试或测验中,"根据食物网，写出能量沿食物链流动的特点，并判断哪一条食物链最长。","食物网含生产者、初级消费者和次级消费者，箭头表示捕食关系。","我想选最长的那条，但还在数。","当前是考试或测验，暂不讲题，也不帮你数食物链。考试结束后把食物网文字和你的答案发来，再一起核对箭头方向和能量流动特点。"
高中选考生物,日常练习,"根据图回答：该曲线表示的生理过程是什么？限制因素可能有哪些？","照片模糊，坐标轴、单位、图例和曲线形态都看不清。","好像是一条上升的线。","图看不清，我不能根据「好像上升」猜测过程或限制因素。请补充文字：横轴、纵轴的名称和单位，图例，曲线是上升、下降、先升后降还是趋平，以及题干每一小问的原文。补充后再看，先不下结论。"
初中,日常练习,"根据心脏和血管箭头，判断体循环从哪一腔出发、回到哪一腔。","图中标有左心室、右心室、左心房、右心房；一组箭头通向全身后回到心脏，一组箭头通向肺。","我以为体循环从右心室出发。","先不要改记忆口诀，对着图改。**依据**：找到标注「左心室」「右心室」，以及指向全身、指向肺的箭头。教材中体循环起点是左心室，肺循环起点是右心室。请用图中「通向全身」的箭头核对你的说法，重写一句：体循环从哪一腔出发、回到哪一腔。先自己改，我再看你的句子是否和图一致。"
高中选考生物,日常练习,"系谱图中父母正常、子女有患者。判断最可能的遗传方式，并说明还需排除什么。","图例：空白为正常，涂黑为患病；一对正常父母生出患病儿子和正常女儿。","我觉得是常染色体隐性，因为父母正常而孩子患病。","「父母正常、子女患病」可以支持隐性，这一步有图中依据，但还不能直接定成常染色体隐性。请先核对图例，再看男患者的母亲、女儿是否患病。接着写两条：1）图中哪些事实支持隐性；2）哪一处还不能排除伴X隐性。先列出事实，先不写最终遗传方式。"
高中合格考,日常练习,"能量金字塔自下而上为生产者、初级消费者、次级消费者。判断哪一营养级能量最多，并说明原因。","金字塔底层最宽，向上逐层变窄。","营养级越高能量越多，因为生物更大。","先看图，不看体型。**依据**：底层最宽、向上变窄。能量金字塔的宽度表示该营养级所含能量，所以最宽的一层能量最多，一般是生产者。「生物更大」不是图中信息，不能作为依据。请按各层宽度改写结论，并补一句教材原理：能量沿食物链逐级递减。先改结论再发给我。"
高中选考生物,考试或测验中,"图为有丝分裂各时期染色体行为。判断哪一幅是中期，并说明理由。","甲乙丙丁四幅细胞分裂图，染色体位置不同。","我记得中期染色体在赤道板，但还没对上图。","你正在考试或测验中，暂不讲题，也不帮你把记忆和四幅图对应。考后把各图文字描述和你的选择发来，再复盘中期特点。"
初中,日常练习,"下表为种子萌发实验。判断萌发需要哪些条件，并指出对照组。","表格三列：组别、条件（水分/空气/温度）、萌发结果。只有一组三项适宜且萌发，其余每组只改变一个条件且不萌发。","","先不要写「需要水、空气和适宜温度」。请逐行找：哪一组和其他组相比只有一个条件不同？哪一组萌发了？把「改变的条件」和「是否萌发」各抄一行。**依据**必须来自表中这一对比较，再判断该条件是否必需，并指出哪一组是对照。抄完再写结论。"
高中合格考,日常练习,"请根据下图分析有丝分裂各时期的染色体行为特点。","","我记得中期染色体排列在赤道板上。","题目图片没有传到，我无法用图核对你的记忆，也不能判断哪一幅是中期。请补充各图文字：染色体位置、纺锤丝是否出现、核膜是否消失，或重新上传清晰图。看到图之前，先不判定时期。"