学员化名,作业内容,截止日期,状态,错因明细,跟进建议
小北,分数加减混合运算20题,2026-03-20,已批改,知识点概念模糊：通分顺序不清2题；计算失误：异分母加减1题,本条错因集中在通分概念和计算，无读题或方法用错记录。请对照今日核实原作业及订正是否逾期，并确认错题是否已退回。下节课用2道异分母加减例题复核通分顺序，再让学员独立改错。仅本条记录，不推断顽固弱项，不代判分或发消息。
阿棠,英语Unit3词汇默写,2026-03-18,未交,,状态为未交，错因明细为空，不能判断弱项。请对照今日核实是否逾期，并确认是未完成、漏交还是未登记。下一步只约定补交时间并做10个核心词验收。下节课先抽查词汇，不因缺交认定记忆差。
小林,一次函数图像（k与b的含义）,2026-03-22,部分提交,读题失误：把“y随x增大而减小”看成增大,已交部分仅见读题失误，无计算、概念或方法错误记录。请核实未交部分原因及对照今日是否逾期。下节课先圈增减描述再画图。单次读题失误不写成稳定弱项。
圆圆,古诗《春望》默写,2026-03-15,已订正,知识点识记不牢：“破”写成“坡”；订正后已改对,状态已订正，错因属字词识记，不完全对应计算、读题或方法用错。请核实订正是否已验收归档。下节课默写抽查1次，通过则不必重布整首。
阿哲,牛顿第二定律应用题3道,2026-03-25,已提交,,已提交但无错因，说明尚未批改或未记录，不要预设弱项。请先完成批改，再按概念模糊、计算失误、读题失误、方法用错记录。截止日前反馈即可，下节课关注点待批改后确定。
小满,化学方程式配平8题,2026-03-19,已批改,知识点概念模糊：质量守恒不清3题；计算失误：系数算错1题；方法用错：未先配原子种类多的物质1题,四维中概念模糊为主，另有计算失误和方法用错，未见读题失误。请核实是否已要求订正，并对照今日看截止后是否仍未订正。下节课先练“先配复杂物质”，再重做错题。次数仅限本条，不外推累计。
禾禾,语文阅读理解两篇,2026-03-21,已减免,,状态为已减免，无错因，不要补做或推断能力问题。请核实减免原因是否已登记。下节课跟进新内容，返课后最多1道短题热身，不补罚原作业。
南星,全等三角形证明2题,2026-03-17,未交,,未交且无错因。请先对照今日核实是否逾期、是否已另行沟通。下一步只确认补交时限，交回后再批改。下节课若仍未交，仅检查SSS/SAS/ASA识别，不把缺交当成证明能力差。
晚晚,英语作文My Weekend（约80词）,2026-03-23,已布置,,仅已布置，无提交、无错因。请确认学员已知题目、词数和截止日期，截止日前可询问一次进度。下节课暂不设定错因关注点，可预告时态和连接词要求。
小山,小数除法竖式12题,2026-03-16,已批改,计算失误：小数点移位4题；读题失误：除数与被除数看反1题,错因以计算失误为主，另有1处读题失误，无概念模糊或方法用错记录。请核实订正是否交回，并对照今日看原截止是否已过。下节课练商的小数点位置3题，并要求圈出除数。不将单次记录写成长期计算弱。
青青,历史材料题“商鞅变法”,2026-03-24,部分提交,方法用错：只抄材料原句，未按设问归纳影响,已交部分仅为方法用错，没有概念模糊、计算或读题失误的证据。请核实缺失部分及对照今日是否逾期。下节课用“材料、设问、影响”三步练1题。不代判分、不代发消息。
阿宁,细胞结构填图,2026-03-20,已订正,知识点概念模糊：线粒体与叶绿体功能写反；订正后已改对,原错为概念模糊，状态已订正，无其他三维错因。请核实订正卷是否归档。下节课用无标注图快速指认细胞器，指认正确则不必再留同题。