所处阶段,高考模式,选科意向,距开学周数,每日可学时间（分钟）,最担心学科,四科学情与卡点,衔接计划
中考后至高一开学前,3+1+2,"倾向物理、化学、生物，尚未最终确定",6,90,数学,"数学：有理数与整式运算基本过关；二次函数图像与性质不熟，求根公式会套但不会用判别式讨论；分式方程易漏验根。物理：受力分析草图不规范，力的示意图常漏画或方向反。化学：元素符号大多会写，元素周期和化合价交叉使用不稳。英语：短文阅读能做完，长难句不会拆主谓。","# 初高衔接计划（开学前6周）

## 基础缺口诊断
- 数学（优先）：二次函数、判别式、分式方程验根，会直接卡住高一函数与方程入门。
- 物理：受力图画不准，会影响高一受力分析入口，但目前次于数学。
- 化学：化合价与元素概念不稳，影响化学式书写，适合穿插而不是主攻。
- 英语：长难句拆分弱，适合每天短时维持，不挤占数学。

## 优先级
数学补基础 > 物理受力图 > 化学化合价巩固 > 英语长句。只适度预习高一入口，不刷高一难题。每周日完整休息。不代学生决定选科。

## 每周安排（每日约90分钟，周日休息）
- 第1–2周：数学50分钟补二次函数图像、顶点与判别式；25分钟改分式方程并强制验根；15分钟英语拆1个长句。
- 第3周：数学40分钟回顾；物理35分钟只练受力示意图；英语15分钟。
- 第4周：化学40分钟化合价与化学式；数学30分钟混合改错；英语或物理15分钟轮换。适度看高一集合符号，不展开难题。
- 第5周：按错题重做数学、物理各1组；化学只订正。
- 第6周：减量复盘，每天不超过60分钟，周日仍全休；不再新开知识点。

## 建议交给的学科技能
- 数学学科技能：二次函数与分式方程验根专项。
- 物理学科技能：受力示意图纠错。
- 化学学科技能：化合价与化学式。
- 英语学科技能：长难句主谓拆分。

## 选科
物理+化学+生物只是当前意向。计划不代替最终选科，选科前仍需核对本校3+1+2再选规则与本人稳定兴趣。"
中考后至高一开学前,3+3,"希望选物理、化学、生物",8,60,物理,"物理：速度、密度公式会代，单位换算经常错；受力图方向不稳；串并联规律记混。数学：一次函数基本会，一元一次不等式几乎没练。化学：化学式书写偶发角标错误。英语：词汇量偏少，听力抓不住关键词。","# 初高衔接计划（开学前8周）

## 基础缺口诊断
- 物理（优先）：单位换算、受力图、串并联，是高一力学和电路入口的共同卡点。
- 数学：不等式几乎空白，会影响高一不等式与函数定义域。
- 化学：化学式角标错误，属于必须先纠正的书写基础。
- 英语：词汇和听力弱，每日少量即可，避免占用物理。

## 优先级
物理基础 > 数学不等式 > 化学式书写 > 英语听力词。先补基础，第6周后才轻量接触高一匀速直线运动概念。每周三完整休息。不代决定选科。

## 每周安排（每日约60分钟，周三休息）
- 第1–2周：物理40分钟单位换算与受力图；数学15分钟不等式；英语5分钟听写8个词。
- 第3–4周：物理35分钟串并联判定；化学15分钟化学式改错；数学10分钟。
- 第5周：物理错题重做；数学补一次函数与不等式对照。
- 第6周：物理只预习速度、位移的含义，不做复杂计算。
- 第7周：四科错题各抽3题。
- 第8周：减量，只复习不会的题型，周三及考前一天全休。

## 建议交给的学科技能
- 物理学科技能：单位、受力图、串并联。
- 数学学科技能：一元一次不等式。
- 化学学科技能：化学式角标。
- 英语学科技能：听力关键词与高频词。

## 选科
3+3下物化生仅为意向。等学校公布选考组合限制后再自行决定，本计划不代选。"
高一开学至上学期期中,3+1+2,"已选历史，再选倾向政治、地理",0,75,英语,"已开学约三周。英语：必修一前两单元词汇和语法跟不上，阅读正确率大约一半。数学：集合与常用逻辑用语听得懂，作业错在区间表示。物理：未选，当前不做加深。化学：学业水平要求下化学式和方程式书写偏慢。","# 初高衔接计划（已开学，追当前进度）

距开学周数为0，不再做开学前预习。未来4周只补已经开始跟不上的章节。每周六完整休息。不代改选科。

## 基础缺口诊断
- 英语（优先）：必修一Unit1–2词汇、语法和阅读，是当前掉队点。
- 数学：区间表示错误会连带函数定义域，需紧跟作业，不超前。
- 化学：化学式与方程式书写慢，影响学考入门，每天短练。
- 物理：未选且无具体卡点，保持课堂即可，不额外加码。

## 每周安排（每日约75分钟，周六休息）
- 第1周：英语45分钟背本周未过词汇并重做Unit1错题；数学20分钟只改区间表示；化学10分钟化学式。
- 第2周：英语40分钟Unit2语法和一篇阅读；数学25分钟集合作业订正；化学10分钟方程式配平。
- 第3周：英语按学校小测范围回炉；数学、化学只处理老师新发的错题。
- 第4周：若英语阅读仍约一半正确，继续交给英语学科技能拆错因；不要同时新开高一后半教材。

## 建议交给的学科技能
- 英语学科技能：必修一前两单元词汇、语法、阅读错题。
- 数学学科技能：区间与集合表示。
- 化学学科技能：化学式和方程式书写速度。
- 物理学科技能：暂不投入，除非后续作业出现明确卡点。

## 选科
已选历史，政治、地理仍是意向。再选以学校时间和本人课堂感受为准，本计划不代决定。"
中考后至高一开学前,不清楚,还没想好,4,45,英语,"只说英语不好。数学、物理、化学没有题目、章节或错因，无法判断卡在哪里。","# 初高衔接计划（信息不足，暂不制定补缺内容）

目前只知道：中考后、距开学约4周、每天约45分钟、最担心英语、高考模式不清楚、选科未想好。四科里只有英语不好这一句，不能推测数学、物理、化学缺口，也不编造成绩或章节。

## 请先补充的自查
1. 学校高考模式是3+1+2、3+3，还是尚未公布？选科截止时间？
2. 数学、物理、化学、英语的近期分数或等级，以及满分各是多少？
3. 数学：有理数、因式分解、一次函数、二次函数、一元二次方程，哪几项会做，哪几项做错？请举1道错题。
4. 物理：速度与力、压强浮力、欧姆定律，分别是公式不会、单位不会，还是图不会看？
5. 化学：元素符号、化合价、化学式、配平、酸碱盐，从哪一步开始错？
6. 英语：词汇、时态、从句、阅读、听力、写作，最卡哪一项？有无近期试卷？
7. 每周哪一天可以完整不学习？晚上是否已被补课占满？

## 信息补齐前的临时安排
每天45分钟只重做手头已有英语错题，不新买预习册，不猜测知识点。每周至少一天完整休息。选科等模式和成绩信息齐全后由学生自己决定。

## 建议交给的学科技能
补充自查后，再分别交给英语、数学、物理、化学学科技能。当前不启动专项，以免练错方向。"
中考后至高一开学前,3+1+2,"倾向物理、化学、地理",10,120,化学,"化学：方程式经常配不平，质量守恒停留在背诵；酸碱盐反应规律记混。数学：计算粗心，因式分解不熟。物理：运动学图像不会读，只认得水平直线。英语：写作几乎只有简单句。","# 初高衔接计划（开学前10周）

## 基础缺口诊断
- 化学（优先）：配平、质量守恒理解和酸碱盐规律，会卡住高一化学方程式与反应类型入口。
- 数学：因式分解不熟会影响后续方程，需并行打底。
- 物理：运动图像不会读，是高一运动学入口缺口，第4周后加入。
- 英语：句子过短，每天写作微练即可。

## 优先级
化学配平与守恒 > 数学因式分解 > 物理图像 > 英语句子。先补基础，第7周起才用少量时间看高一化学式与物质分类入口。每周一完整休息。不代决定选科。

## 每周安排（每日约120分钟，周一休息）
- 第1–3周：化学60分钟配平，每题写出原子个数核对；数学40分钟因式分解；英语20分钟把简单句合成一个复合句。
- 第4–6周：化学50分钟改酸碱盐判断；物理40分钟读速度-时间、路程-时间图；数学20分钟计算复盘；英语10分钟。
- 第7–8周：化学轻量预习物质分类用语；其余三科只订正。
- 第9周：四科错题卷。
- 第10周：每天不超过80分钟，周一全休，不新开章节。

## 建议交给的学科技能
- 化学学科技能：配平、质量守恒、酸碱盐。
- 数学学科技能：因式分解与计算检查。
- 物理学科技能：运动图像读图。
- 英语学科技能：简单句扩成完整段落。

## 选科
物理、化学、地理仅为意向。地理与化学的组合是否适合，等学校选科说明后再自行判断。"
高一开学至上学期期中,3+3,"学校高一上先全科学习，个人倾向物理、化学、生物",0,70,数学,"已开学。数学：集合、不等式、函数概念落后约一周半；定义域求错，一元二次不等式不会结合图像。物理：匀变速公式混用，分不清哪一段运动用哪个公式。化学：物质的量听不懂，符号n、m、M对应关系混乱。英语：词汇尚可，暂无具体卡点。","# 初高衔接计划（已开学，补落后章节）

距开学为0。重点不是预习后面章节，而是追上集合、不等式、函数，以及已经听不懂的物质的量和匀变速公式。每周日完整休息。不代决定选科。

## 基础缺口诊断
- 数学（优先）：定义域、一元二次不等式与图像，是当前落后的直接原因。
- 化学：物质的量符号对应混乱，已影响新课，列为第二。
- 物理：匀变速公式混用，先回到已知量和求什么，再选公式。
- 英语：无具体卡点，每天不单列，除非学校有听写。

## 每周安排（每日约70分钟，周日休息，连续4周）
- 第1周：数学40分钟只练定义域；化学20分钟对照n、m、M；物理10分钟标出每个公式的已知量。
- 第2周：数学40分钟不等式结合图像；化学20分钟物质的量课本例题重做；物理10分钟。
- 第3周：数学跟上本周作业，不再返回更早预习；化学、物理各处理课堂错题。
- 第4周：若仍落后超过1周，只保留数学和化学，物理降到课堂订正，避免三科同时加码。

## 建议交给的学科技能
- 数学学科技能：定义域与一元二次不等式图像。
- 化学学科技能：物质的量符号关系。
- 物理学科技能：匀变速公式选用条件。
- 英语学科技能：暂不安排专项。

## 选科
全科在学不代表已经选定物化生。等选科窗口和各科稳定表现出来后自行决定。"
中考后至高一开学前,3+3,"偏历史、政治、地理，同时想试听物理",5,80,英语,"英语：时态混用，定语从句不扎实，单词死记很快忘。数学：自我感觉中等，几何证明步骤常跳步，没有具体分数。物理：电路连接不会接，电学实验步骤乱。化学：金属活动性顺序会背，不会用来判断能否反应。","# 初高衔接计划（开学前5周）

## 基础缺口诊断
- 英语（优先）：时态、定语从句和遗忘型记词，会直接影响高一英语课文。
- 物理：电路不会接，是实验入口缺口；因每天只有80分钟且英语优先，物理只做连接规范。
- 化学：活动性顺序不会应用，适合短时判断题。
- 数学：只知证明跳步，没有具体错题。先改书写步骤，不猜测分数段。分数和满分仍建议补充。

## 优先级
英语语法与记词 > 物理电路连接 > 化学活动性判断 > 数学证明步骤。不提前刷高一阅读难题。每周五完整休息。不代决定选文科或是否加选物理。

## 每周安排（每日约80分钟，周五休息）
- 第1–2周：英语45分钟时态对照和10个词的例句记忆；物理20分钟看电路连接顺序；化学10分钟；数学5分钟补证明理由。
- 第3周：英语改定语从句；物理只练简单串并联实物图；化学判断能否反应。
- 第4周：用已有英语短文重做，不新增大纲。
- 第5周：减量复盘，周五全休。高一入口只看英语课本目录，不预习全文。

## 建议交给的学科技能
- 英语学科技能：时态、定语从句、抗遗忘记词。
- 物理学科技能：电路连接顺序。
- 化学学科技能：金属活动性判断反应。
- 数学学科技能：几何证明步骤补全。建议补充1份试卷后再加深。

## 选科
文史倾向与试听物理可以并存到开学。是否选物理，等试听和学校3+3规则明确后自己决定。"
中考后至高一开学前,3+1+2,"倾向化学、生物、政治，物理是否再选未定",7,50,物理,"物理：牛顿第一定律能背，惯性、平衡力与相互作用力分不清；压强浮力计算题直接放弃。数学：有理数运算慢，尚未说清错在符号还是分数。化学：离子符号书写不规范。英语：音标不熟，记词困难。每天只有约50分钟。","# 初高衔接计划（开学前7周，时间紧）

## 基础缺口诊断
- 物理（优先）：力的概念混淆，加上压强浮力放弃，是最影响高一力学入口的缺口。时间有限，先概念后计算。
- 化学：离子符号不规范，书写基础要短时纠正。
- 英语：音标不会导致记词低效，每天10分钟即可。
- 数学：只知运算慢，错因不足。先计时改3道有理数，不臆测是符号还是分数；若仍不清，补自查后再加计划。

## 优先级
物理概念辨析 > 化学离子符号 > 英语音标 > 数学运算测速。不预习高一牛顿定律综合题。每周日完整休息。不代决定是否选物理。

## 每周安排（每日约50分钟，周日休息）
- 第1–3周：物理30分钟区分惯性、平衡力、相互作用力；化学10分钟离子符号；英语10分钟音标对应单词。
- 第4–5周：物理30分钟压强公式单位；浮力只做1道已知量齐全的题，不会就停，不连续刷。数学用剩余时间计时3题。
- 第6周：物理错题重讲；化学、英语维持。
- 第7周：每天30分钟复习，周日全休。

## 建议交给的学科技能
- 物理学科技能：三类力辨析，再是压强。
- 化学学科技能：离子符号。
- 英语学科技能：音标记词。
- 数学学科技能：先根据计时错题判断后再布置。

## 选科
化学、生物、政治是意向，物理未定。本计划只帮判断物理基础差距，不代替选科。"
高一开学至上学期期中,不清楚,未填写,0,40,化学,"家长代填，只写化学跟不上。没有章节、作业、测验和其余三科学情。","# 初高衔接计划（信息不足，暂不制定章节补习）

已开学，距开学周数为0，每天约40分钟，最担心化学，但没有章节和错题。不能猜测是物质的量、离子反应还是其他内容，也不能给数学、物理、英语安排具体知识点。

## 请学生本人补充
1. 高考模式是3+1+2还是3+3？选科是否已提交？
2. 化学现在学到哪一节？最近一次小测错的是概念、计算还是方程式？请抄1道错题。
3. 是听不懂新课，还是作业做不完？落后大约几节？
4. 数学当前章节和最常见错因？
5. 物理是否在学？若在学，卡在公式、图像还是受力图？
6. 英语是否有未过的听写或阅读？ 
7. 40分钟是否包含作业？每周哪一天能完整休息？

## 补齐前
每天40分钟只重做化学老师已批改的错题，不额外预习下一章。每周至少一天完整休息。不代选科，也不指定化学专项技能，避免练错章节。

## 信息齐后可交给
化学学科技能处理已确认的落后章节；数学、物理、英语学科技能仅在对应自查有具体卡点后加入。"
中考后至高一开学前,3+1+2,"倾向物理、生物、地理",3,100,数学,"数学：二次函数不会配方，不等式解集表示不规范，根式化简易错。物理：速度-时间图像只懂水平直线，斜线含义不清。化学：化合价口诀会背，交叉法写化学式常错。英语：完形几乎靠猜，没有定位错因。距开学只有3周。","# 初高衔接计划（开学前仅3周）

## 基础缺口诊断
- 数学（优先）：配方、解集表示、根式化简，都是高一函数前的直接缺口，3周内必须先补这些。
- 物理：速度图像斜线不会解释，作第二优先，每天短练。
- 化学：交叉法写化学式错误，适合隔天纠正。
- 英语：完形靠猜，错因不明。3周内不展开完形技巧，只要求每篇标出不会的词；详细错因待补充试卷。

## 优先级
数学三项基础 > 物理图像 > 化学式 > 英语标记生词。不预习高一函数综合。每周六完整休息。不代决定选科。

## 每周安排（每日约100分钟，周六休息）
- 第1周：数学60分钟配方；物理25分钟解释斜线升降；化学15分钟交叉法改错。
- 第2周：数学50分钟解集表示和根式；物理25分钟；英语25分钟只标生词并查义，不限时刷题。
- 第3周：数学错题重做40分钟；物理、化学各20分钟；英语20分钟。周六全休，开学前一天不再新课。

## 建议交给的学科技能
- 数学学科技能：配方、解集、根式。
- 物理学科技能：速度图像斜线。
- 化学学科技能：交叉法写化学式。
- 英语学科技能：等有完形错题后再做定位，当前只建生词表。

## 选科
物理、生物、地理仍为意向。3周计划只补基础，不据此判断该不该选物理。"
中考后至高一开学前,3+3,"倾向物理、化学、政治",9,55,物理,"物理：滑轮和功的概念记混，简单机械题不会画力；浮力公式会背不会选择用哪一个。数学：分数运算慢，一元一次方程会解。化学：酸碱指示剂现象记反。英语：课文朗读不畅，单词拼写不稳定。","# 初高衔接计划（开学前9周）

## 基础缺口诊断
- 物理（优先）：简单机械画力、功与滑轮混淆、浮力公式选用，影响高一力学入口。
- 化学：指示剂现象记反，属于短时可纠正的事实性错误。
- 数学：分数运算慢但方程会解，保持速度即可。
- 英语：朗读和拼写不稳，适合每天听读，不占物理主时段。

## 优先级
物理画力与公式选用 > 化学指示剂 > 数学分数速度 > 英语拼写朗读。第6周前不预习高一内容。每周二完整休息。不代决定选科。

## 每周安排（每日约55分钟，周二休息）
- 第1–3周：物理35分钟画滑轮受力并区分功；数学10分钟分数计时；英语10分钟听读拼写。
- 第4–5周：物理35分钟选择浮力公式；化学10分钟指示剂对照表；英语10分钟。
- 第6–7周：物理错题重做；化学、数学维持；可花10分钟看高一速度定义，不计算综合题。
- 第8周：四科各抽错题。
- 第9周：减到每天40分钟，周二全休。

## 建议交给的学科技能
- 物理学科技能：简单机械、功、浮力公式选用。
- 化学学科技能：酸碱指示剂现象。
- 数学学科技能：分数运算速度。
- 英语学科技能：朗读与拼写。

## 选科
物理、化学、政治是意向。政治与物化能否搭配，以本校3+3规则和学生兴趣为准，计划不代选。"
高一开学至上学期期中,3+1+2,"已选物理，再选考虑化学与生物",0,85,化学,"已开学约四周。化学：物质的量浓度计算跟不上，单位换算错；离子方程式不会拆。物理：已选，受力分析比开学初好，但共点力平衡仍慢。数学：函数单调性听课能懂，作业间隔遗漏端点。英语：阅读速度慢，词汇尚能听写。","# 初高衔接计划（已开学，补化学当前章节）

距开学为0。主任务是追上物质的量浓度和离子方程式，不预习氧化还原后的新章节。每周日完整休息。不代决定化学、生物是否再选。

## 基础缺口诊断
- 化学（优先）：浓度单位换算和离子方程式拆写，是当前跟不上的章节。
- 物理：共点力平衡慢，已选物理，每天保留短时，但不压过化学。
- 数学：单调性端点遗漏，跟随作业订正即可。
- 英语：阅读速度慢，用限时1篇维持，不增加语法新点。

## 每周安排（每日约85分钟，周日休息，连续4周）
- 第1–2周：化学45分钟浓度单位与离子方程式；物理20分钟平衡题只做1道并写步骤；数学10分钟检查端点；英语10分钟限时阅读一段。
- 第3周：化学重做这两章错题；物理、数学只处理新作业。
- 第4周：若化学小测仍大量单位错误，继续交给化学学科技能，不进入下一章超前练。

## 建议交给的学科技能
- 化学学科技能：物质的量浓度与离子方程式。
- 物理学科技能：共点力平衡步骤。
- 数学学科技能：单调区间端点检查。
- 英语学科技能：限时阅读，不扩展新语法。

## 选科
物理已选。化学、生物是否再选，等这两章补完后的课堂表现和学校再选时间，由学生自己决定。"